ano,mes,sexo,faixa_etaria,categoria,total_vendido
2014,1,1,ADULTO_TRABALHADOR,ANSIOLITICO,77460
2014,1,1,ADULTO_TRABALHADOR,ANTIDEPRESSIVO,71200
2014,1,1,ADULTO_TRABALHADOR,ANTIPSICÓTICO_ESTABILIZADOR,33202
2014,1,1,CRIANCA_ADOLESCENTE,ANSIOLITICO,34866
2014,1,1,CRIANCA_ADOLESCENTE,ANTIDEPRESSIVO,33239
2014,1,1,CRIANCA_ADOLESCENTE,ANTIPSICÓTICO_ESTABILIZADOR,17688
2014,1,1,IDOSO,ANSIOLITICO,39075
2014,1,1,IDOSO,ANTIDEPRESSIVO,27341
2014,1,1,IDOSO,ANTIPSICÓTICO_ESTABILIZADOR,11691
2014,1,1,JOVEM_ADULTO,ANSIOLITICO,4474
2014,1,1,JOVEM_ADULTO,ANTIDEPRESSIVO,4588
2014,1,1,JOVEM_ADULTO,ANTIPSICÓTICO_ESTABILIZADOR,3332
2014,1,2,ADULTO_TRABALHADOR,ANSIOLITICO,118602
2014,1,2,ADULTO_TRABALHADOR,ANTIDEPRESSIVO,112474
2014,1,2,ADULTO_TRABALHADOR,ANTIPSICÓTICO_ESTABILIZADOR,33000
2014,1,2,CRIANCA_ADOLESCENTE,ANSIOLITICO,25711
2014,1,2,CRIANCA_ADOLESCENTE,ANTIDEPRESSIVO,29158
2014,1,2,CRIANCA_ADOLESCENTE,ANTIPSICÓTICO_ESTABILIZADOR,9798
2014,1,2,IDOSO,ANSIOLITICO,64558
2014,1,2,IDOSO,ANTIDEPRESSIVO,44666
2014,1,2,IDOSO,ANTIPSICÓTICO_ESTABILIZADOR,13045
2014,1,2,JOVEM_ADULTO,ANSIOLITICO,6359
2014,1,2,JOVEM_ADULTO,ANTIDEPRESSIVO,6656
2014,1,2,JOVEM_ADULTO,ANTIPSICÓTICO_ESTABILIZADOR,2619
2014,2,1,ADULTO_TRABALHADOR,ANSIOLITICO,74441
2014,2,1,ADULTO_TRABALHADOR,ANTIDEPRESSIVO,70035
2014,2,1,ADULTO_TRABALHADOR,ANTIPSICÓTICO_ESTABILIZADOR,32190
2014,2,1,CRIANCA_ADOLESCENTE,ANSIOLITICO,32832
2014,2,1,CRIANCA_ADOLESCENTE,ANTIDEPRESSIVO,30949
2014,2,1,CRIANCA_ADOLESCENTE,ANTIPSICÓTICO_ESTABILIZADOR,16184
2014,2,1,IDOSO,ANSIOLITICO,37083
2014,2,1,IDOSO,ANTIDEPRESSIVO,25249
2014,2,1,IDOSO,ANTIPSICÓTICO_ESTABILIZADOR,10470
2014,2,1,JOVEM_ADULTO,ANSIOLITICO,3929
2014,2,1,JOVEM_ADULTO,ANTIDEPRESSIVO,4257
2014,2,1,JOVEM_ADULTO,ANTIPSICÓTICO_ESTABILIZADOR,2905
2014,2,2,ADULTO_TRABALHADOR,ANSIOLITICO,114439
2014,2,2,ADULTO_TRABALHADOR,ANTIDEPRESSIVO,108411
2014,2,2,ADULTO_TRABALHADOR,ANTIPSICÓTICO_ESTABILIZADOR,30560
2014,2,2,CRIANCA_ADOLESCENTE,ANSIOLITICO,26328
2014,2,2,CRIANCA_ADOLESCENTE,ANTIDEPRESSIVO,29434
2014,2,2,CRIANCA_ADOLESCENTE,ANTIPSICÓTICO_ESTABILIZADOR,9227
2014,2,2,IDOSO,ANSIOLITICO,62049
2014,2,2,IDOSO,ANTIDEPRESSIVO,42167
2014,2,2,IDOSO,ANTIPSICÓTICO_ESTABILIZADOR,11883
2014,2,2,JOVEM_ADULTO,ANSIOLITICO,5523
2014,2,2,JOVEM_ADULTO,ANTIDEPRESSIVO,6217
2014,2,2,JOVEM_ADULTO,ANTIPSICÓTICO_ESTABILIZADOR,2349
2014,3,1,ADULTO_TRABALHADOR,ANSIOLITICO,77690
2014,3,1,ADULTO_TRABALHADOR,ANTIDEPRESSIVO,73305
2014,3,1,ADULTO_TRABALHADOR,ANTIPSICÓTICO_ESTABILIZADOR,33595
2014,3,1,CRIANCA_ADOLESCENTE,ANSIOLITICO,34252
2014,3,1,CRIANCA_ADOLESCENTE,ANTIDEPRESSIVO,32123
2014,3,1,CRIANCA_ADOLESCENTE,ANTIPSICÓTICO_ESTABILIZADOR,17516
2014,3,1,IDOSO,ANSIOLITICO,37338
2014,3,1,IDOSO,ANTIDEPRESSIVO,25767
2014,3,1,IDOSO,ANTIPSICÓTICO_ESTABILIZADOR,10960
2014,3,1,JOVEM_ADULTO,ANSIOLITICO,4514
2014,3,1,JOVEM_ADULTO,ANTIDEPRESSIVO,4554
2014,3,1,JOVEM_ADULTO,ANTIPSICÓTICO_ESTABILIZADOR,2987
2014,3,2,ADULTO_TRABALHADOR,ANSIOLITICO,121730
2014,3,2,ADULTO_TRABALHADOR,ANTIDEPRESSIVO,114983
2014,3,2,ADULTO_TRABALHADOR,ANTIPSICÓTICO_ESTABILIZADOR,34453
2014,3,2,CRIANCA_ADOLESCENTE,ANSIOLITICO,26302
2014,3,2,CRIANCA_ADOLESCENTE,ANTIDEPRESSIVO,29745
2014,3,2,CRIANCA_ADOLESCENTE,ANTIPSICÓTICO_ESTABILIZADOR,9579
2014,3,2,IDOSO,ANSIOLITICO,62186
2014,3,2,IDOSO,ANTIDEPRESSIVO,42870
2014,3,2,IDOSO,ANTIPSICÓTICO_ESTABILIZADOR,12517
2014,3,2,JOVEM_ADULTO,ANSIOLITICO,5673
2014,3,2,JOVEM_ADULTO,ANTIDEPRESSIVO,6682
2014,3,2,JOVEM_ADULTO,ANTIPSICÓTICO_ESTABILIZADOR,2606
2014,4,1,ADULTO_TRABALHADOR,ANSIOLITICO,78875
2014,4,1,ADULTO_TRABALHADOR,ANTIDEPRESSIVO,73014
2014,4,1,ADULTO_TRABALHADOR,ANTIPSICÓTICO_ESTABILIZADOR,34457
2014,4,1,CRIANCA_ADOLESCENTE,ANSIOLITICO,36199
2014,4,1,CRIANCA_ADOLESCENTE,ANTIDEPRESSIVO,34731
2014,4,1,CRIANCA_ADOLESCENTE,ANTIPSICÓTICO_ESTABILIZADOR,18673
2014,4,1,IDOSO,ANSIOLITICO,36772
2014,4,1,IDOSO,ANTIDEPRESSIVO,25114
2014,4,1,IDOSO,ANTIPSICÓTICO_ESTABILIZADOR,11181
2014,4,1,JOVEM_ADULTO,ANSIOLITICO,4022
2014,4,1,JOVEM_ADULTO,ANTIDEPRESSIVO,4411
2014,4,1,JOVEM_ADULTO,ANTIPSICÓTICO_ESTABILIZADOR,3289
2014,4,2,ADULTO_TRABALHADOR,ANSIOLITICO,120629
2014,4,2,ADULTO_TRABALHADOR,ANTIDEPRESSIVO,113954
2014,4,2,ADULTO_TRABALHADOR,ANTIPSICÓTICO_ESTABILIZADOR,33734
2014,4,2,CRIANCA_ADOLESCENTE,ANSIOLITICO,27162
2014,4,2,CRIANCA_ADOLESCENTE,ANTIDEPRESSIVO,29907
2014,4,2,CRIANCA_ADOLESCENTE,ANTIPSICÓTICO_ESTABILIZADOR,10050
2014,4,2,IDOSO,ANSIOLITICO,62490
2014,4,2,IDOSO,ANTIDEPRESSIVO,41504
2014,4,2,IDOSO,ANTIPSICÓTICO_ESTABILIZADOR,12707
2014,4,2,JOVEM_ADULTO,ANSIOLITICO,5429
2014,4,2,JOVEM_ADULTO,ANTIDEPRESSIVO,6512
2014,4,2,JOVEM_ADULTO,ANTIPSICÓTICO_ESTABILIZADOR,2331
2014,5,1,ADULTO_TRABALHADOR,ANSIOLITICO,73924
2014,5,1,ADULTO_TRABALHADOR,ANTIDEPRESSIVO,64488
2014,5,1,ADULTO_TRABALHADOR,ANTIPSICÓTICO_ESTABILIZADOR,31264
2014,5,1,CRIANCA_ADOLESCENTE,ANSIOLITICO,35627
2014,5,1,CRIANCA_ADOLESCENTE,ANTIDEPRESSIVO,34263
2014,5,1,CRIANCA_ADOLESCENTE,ANTIPSICÓTICO_ESTABILIZADOR,17743
2014,5,1,IDOSO,ANSIOLITICO,34183
2014,5,1,IDOSO,ANTIDEPRESSIVO,21914
2014,5,1,IDOSO,ANTIPSICÓTICO_ESTABILIZADOR,9674
2014,5,1,JOVEM_ADULTO,ANSIOLITICO,3725
2014,5,1,JOVEM_ADULTO,ANTIDEPRESSIVO,3969
2014,5,1,JOVEM_ADULTO,ANTIPSICÓTICO_ESTABILIZADOR,3100
2014,5,2,ADULTO_TRABALHADOR,ANSIOLITICO,117037
2014,5,2,ADULTO_TRABALHADOR,ANTIDEPRESSIVO,103430
2014,5,2,ADULTO_TRABALHADOR,ANTIPSICÓTICO_ESTABILIZADOR,32620
2014,5,2,CRIANCA_ADOLESCENTE,ANSIOLITICO,28705
2014,5,2,CRIANCA_ADOLESCENTE,ANTIDEPRESSIVO,31573
2014,5,2,CRIANCA_ADOLESCENTE,ANTIPSICÓTICO_ESTABILIZADOR,10359
2014,5,2,IDOSO,ANSIOLITICO,57463
2014,5,2,IDOSO,ANTIDEPRESSIVO,36257
2014,5,2,IDOSO,ANTIPSICÓTICO_ESTABILIZADOR,11357
2014,5,2,JOVEM_ADULTO,ANSIOLITICO,5430
2014,5,2,JOVEM_ADULTO,ANTIDEPRESSIVO,6209
2014,5,2,JOVEM_ADULTO,ANTIPSICÓTICO_ESTABILIZADOR,2592
2014,6,1,ADULTO_TRABALHADOR,ANSIOLITICO,60295
2014,6,1,ADULTO_TRABALHADOR,ANTIDEPRESSIVO,51206
2014,6,1,ADULTO_TRABALHADOR,ANTIPSICÓTICO_ESTABILIZADOR,25464
2014,6,1,CRIANCA_ADOLESCENTE,ANSIOLITICO,32373
2014,6,1,CRIANCA_ADOLESCENTE,ANTIDEPRESSIVO,29906
2014,6,1,CRIANCA_ADOLESCENTE,ANTIPSICÓTICO_ESTABILIZADOR,16397
2014,6,1,IDOSO,ANSIOLITICO,27758
2014,6,1,IDOSO,ANTIDEPRESSIVO,16990
2014,6,1,IDOSO,ANTIPSICÓTICO_ESTABILIZADOR,7659
2014,6,1,JOVEM_ADULTO,ANSIOLITICO,3643
2014,6,1,JOVEM_ADULTO,ANTIDEPRESSIVO,3290
2014,6,1,JOVEM_ADULTO,ANTIPSICÓTICO_ESTABILIZADOR,2686
2014,6,2,ADULTO_TRABALHADOR,ANSIOLITICO,100149
2014,6,2,ADULTO_TRABALHADOR,ANTIDEPRESSIVO,86704
2014,6,2,ADULTO_TRABALHADOR,ANTIPSICÓTICO_ESTABILIZADOR,26658
2014,6,2,CRIANCA_ADOLESCENTE,ANSIOLITICO,26065
2014,6,2,CRIANCA_ADOLESCENTE,ANTIDEPRESSIVO,28268
2014,6,2,CRIANCA_ADOLESCENTE,ANTIPSICÓTICO_ESTABILIZADOR,9187
2014,6,2,IDOSO,ANSIOLITICO,48872
2014,6,2,IDOSO,ANTIDEPRESSIVO,30555
2014,6,2,IDOSO,ANTIPSICÓTICO_ESTABILIZADOR,9490
2014,6,2,JOVEM_ADULTO,ANSIOLITICO,5139
2014,6,2,JOVEM_ADULTO,ANTIDEPRESSIVO,5111
2014,6,2,JOVEM_ADULTO,ANTIPSICÓTICO_ESTABILIZADOR,2048
2014,7,1,ADULTO_TRABALHADOR,ANSIOLITICO,59170
2014,7,1,ADULTO_TRABALHADOR,ANTIDEPRESSIVO,48500
2014,7,1,ADULTO_TRABALHADOR,ANTIPSICÓTICO_ESTABILIZADOR,25472
2014,7,1,CRIANCA_ADOLESCENTE,ANSIOLITICO,35846
2014,7,1,CRIANCA_ADOLESCENTE,ANTIDEPRESSIVO,32568
2014,7,1,CRIANCA_ADOLESCENTE,ANTIPSICÓTICO_ESTABILIZADOR,17428
2014,7,1,IDOSO,ANSIOLITICO,27537
2014,7,1,IDOSO,ANTIDEPRESSIVO,16226
2014,7,1,IDOSO,ANTIPSICÓTICO_ESTABILIZADOR,8017
2014,7,1,JOVEM_ADULTO,ANSIOLITICO,3449
2014,7,1,JOVEM_ADULTO,ANTIDEPRESSIVO,3166
2014,7,1,JOVEM_ADULTO,ANTIPSICÓTICO_ESTABILIZADOR,2597
2014,7,2,ADULTO_TRABALHADOR,ANSIOLITICO,103102
2014,7,2,ADULTO_TRABALHADOR,ANTIDEPRESSIVO,88084
2014,7,2,ADULTO_TRABALHADOR,ANTIPSICÓTICO_ESTABILIZADOR,26994
2014,7,2,CRIANCA_ADOLESCENTE,ANSIOLITICO,28694
2014,7,2,CRIANCA_ADOLESCENTE,ANTIDEPRESSIVO,30668
2014,7,2,CRIANCA_ADOLESCENTE,ANTIPSICÓTICO_ESTABILIZADOR,10325
2014,7,2,IDOSO,ANSIOLITICO,50053
2014,7,2,IDOSO,ANTIDEPRESSIVO,31902
2014,7,2,IDOSO,ANTIPSICÓTICO_ESTABILIZADOR,10145
2014,7,2,JOVEM_ADULTO,ANSIOLITICO,4913
2014,7,2,JOVEM_ADULTO,ANTIDEPRESSIVO,5411
2014,7,2,JOVEM_ADULTO,ANTIPSICÓTICO_ESTABILIZADOR,2332
2014,8,1,ADULTO_TRABALHADOR,ANSIOLITICO,51017
2014,8,1,ADULTO_TRABALHADOR,ANTIDEPRESSIVO,41424
2014,8,1,ADULTO_TRABALHADOR,ANTIPSICÓTICO_ESTABILIZADOR,21186
2014,8,1,CRIANCA_ADOLESCENTE,ANSIOLITICO,32061
2014,8,1,CRIANCA_ADOLESCENTE,ANTIDEPRESSIVO,30426
2014,8,1,CRIANCA_ADOLESCENTE,ANTIPSICÓTICO_ESTABILIZADOR,15926
2014,8,1,IDOSO,ANSIOLITICO,23391
2014,8,1,IDOSO,ANTIDEPRESSIVO,13894
2014,8,1,IDOSO,ANTIPSICÓTICO_ESTABILIZADOR,6781
2014,8,1,JOVEM_ADULTO,ANSIOLITICO,3033
2014,8,1,JOVEM_ADULTO,ANTIDEPRESSIVO,2750
2014,8,1,JOVEM_ADULTO,ANTIPSICÓTICO_ESTABILIZADOR,2363
2014,8,2,ADULTO_TRABALHADOR,ANSIOLITICO,93338
2014,8,2,ADULTO_TRABALHADOR,ANTIDEPRESSIVO,81175
2014,8,2,ADULTO_TRABALHADOR,ANTIPSICÓTICO_ESTABILIZADOR,24342
2014,8,2,CRIANCA_ADOLESCENTE,ANSIOLITICO,25966
2014,8,2,CRIANCA_ADOLESCENTE,ANTIDEPRESSIVO,29757
2014,8,2,CRIANCA_ADOLESCENTE,ANTIPSICÓTICO_ESTABILIZADOR,9415
2014,8,2,IDOSO,ANSIOLITICO,45897
2014,8,2,IDOSO,ANTIDEPRESSIVO,28643
2014,8,2,IDOSO,ANTIPSICÓTICO_ESTABILIZADOR,8765
2014,8,2,JOVEM_ADULTO,ANSIOLITICO,5041
2014,8,2,JOVEM_ADULTO,ANTIDEPRESSIVO,4882
2014,8,2,JOVEM_ADULTO,ANTIPSICÓTICO_ESTABILIZADOR,2198
2014,9,1,ADULTO_TRABALHADOR,ANSIOLITICO,46756
2014,9,1,ADULTO_TRABALHADOR,ANTIDEPRESSIVO,39060
2014,9,1,ADULTO_TRABALHADOR,ANTIPSICÓTICO_ESTABILIZADOR,19928
2014,9,1,CRIANCA_ADOLESCENTE,ANSIOLITICO,33245
2014,9,1,CRIANCA_ADOLESCENTE,ANTIDEPRESSIVO,30574
2014,9,1,CRIANCA_ADOLESCENTE,ANTIPSICÓTICO_ESTABILIZADOR,15722
2014,9,1,IDOSO,ANSIOLITICO,21579
2014,9,1,IDOSO,ANTIDEPRESSIVO,13243
2014,9,1,IDOSO,ANTIPSICÓTICO_ESTABILIZADOR,6318
2014,9,1,JOVEM_ADULTO,ANSIOLITICO,2737
2014,9,1,JOVEM_ADULTO,ANTIDEPRESSIVO,2765
2014,9,1,JOVEM_ADULTO,ANTIPSICÓTICO_ESTABILIZADOR,2241
2014,9,2,ADULTO_TRABALHADOR,ANSIOLITICO,89787
2014,9,2,ADULTO_TRABALHADOR,ANTIDEPRESSIVO,78455
2014,9,2,ADULTO_TRABALHADOR,ANTIPSICÓTICO_ESTABILIZADOR,22640
2014,9,2,CRIANCA_ADOLESCENTE,ANSIOLITICO,26431
2014,9,2,CRIANCA_ADOLESCENTE,ANTIDEPRESSIVO,30319
2014,9,2,CRIANCA_ADOLESCENTE,ANTIPSICÓTICO_ESTABILIZADOR,9890
2014,9,2,IDOSO,ANSIOLITICO,43717
2014,9,2,IDOSO,ANTIDEPRESSIVO,27811
2014,9,2,IDOSO,ANTIPSICÓTICO_ESTABILIZADOR,8768
2014,9,2,JOVEM_ADULTO,ANSIOLITICO,4373
2014,9,2,JOVEM_ADULTO,ANTIDEPRESSIVO,4806
2014,9,2,JOVEM_ADULTO,ANTIPSICÓTICO_ESTABILIZADOR,1984
2014,10,1,ADULTO_TRABALHADOR,ANSIOLITICO,47487
2014,10,1,ADULTO_TRABALHADOR,ANTIDEPRESSIVO,40823
2014,10,1,ADULTO_TRABALHADOR,ANTIPSICÓTICO_ESTABILIZADOR,20531
2014,10,1,CRIANCA_ADOLESCENTE,ANSIOLITICO,33273
2014,10,1,CRIANCA_ADOLESCENTE,ANTIDEPRESSIVO,32581
2014,10,1,CRIANCA_ADOLESCENTE,ANTIPSICÓTICO_ESTABILIZADOR,15814
2014,10,1,IDOSO,ANSIOLITICO,21754
2014,10,1,IDOSO,ANTIDEPRESSIVO,13346
2014,10,1,IDOSO,ANTIPSICÓTICO_ESTABILIZADOR,6157
2014,10,1,JOVEM_ADULTO,ANSIOLITICO,2697
2014,10,1,JOVEM_ADULTO,ANTIDEPRESSIVO,2730
2014,10,1,JOVEM_ADULTO,ANTIPSICÓTICO_ESTABILIZADOR,2286
2014,10,2,ADULTO_TRABALHADOR,ANSIOLITICO,89026
2014,10,2,ADULTO_TRABALHADOR,ANTIDEPRESSIVO,81826
2014,10,2,ADULTO_TRABALHADOR,ANTIPSICÓTICO_ESTABILIZADOR,23855
2014,10,2,CRIANCA_ADOLESCENTE,ANSIOLITICO,27124
2014,10,2,CRIANCA_ADOLESCENTE,ANTIDEPRESSIVO,30702
2014,10,2,CRIANCA_ADOLESCENTE,ANTIPSICÓTICO_ESTABILIZADOR,9312
2014,10,2,IDOSO,ANSIOLITICO,42826
2014,10,2,IDOSO,ANTIDEPRESSIVO,28262
2014,10,2,IDOSO,ANTIPSICÓTICO_ESTABILIZADOR,8699
2014,10,2,JOVEM_ADULTO,ANSIOLITICO,4222
2014,10,2,JOVEM_ADULTO,ANTIDEPRESSIVO,4721
2014,10,2,JOVEM_ADULTO,ANTIPSICÓTICO_ESTABILIZADOR,1951
2014,11,1,ADULTO_TRABALHADOR,ANSIOLITICO,44307
2014,11,1,ADULTO_TRABALHADOR,ANTIDEPRESSIVO,37320
2014,11,1,ADULTO_TRABALHADOR,ANTIPSICÓTICO_ESTABILIZADOR,18920
2014,11,1,CRIANCA_ADOLESCENTE,ANSIOLITICO,31925
2014,11,1,CRIANCA_ADOLESCENTE,ANTIDEPRESSIVO,31345
2014,11,1,CRIANCA_ADOLESCENTE,ANTIPSICÓTICO_ESTABILIZADOR,15395
2014,11,1,IDOSO,ANSIOLITICO,19923
2014,11,1,IDOSO,ANTIDEPRESSIVO,12522
2014,11,1,IDOSO,ANTIPSICÓTICO_ESTABILIZADOR,5935
2014,11,1,JOVEM_ADULTO,ANSIOLITICO,2913
2014,11,1,JOVEM_ADULTO,ANTIDEPRESSIVO,2680
2014,11,1,JOVEM_ADULTO,ANTIPSICÓTICO_ESTABILIZADOR,2142
2014,11,2,ADULTO_TRABALHADOR,ANSIOLITICO,83808
2014,11,2,ADULTO_TRABALHADOR,ANTIDEPRESSIVO,75736
2014,11,2,ADULTO_TRABALHADOR,ANTIPSICÓTICO_ESTABILIZADOR,22408
2014,11,2,CRIANCA_ADOLESCENTE,ANSIOLITICO,26121
2014,11,2,CRIANCA_ADOLESCENTE,ANTIDEPRESSIVO,30532
2014,11,2,CRIANCA_ADOLESCENTE,ANTIPSICÓTICO_ESTABILIZADOR,448150
2014,11,2,IDOSO,ANSIOLITICO,40146
2014,11,2,IDOSO,ANTIDEPRESSIVO,26989
2014,11,2,IDOSO,ANTIPSICÓTICO_ESTABILIZADOR,8318
2014,11,2,JOVEM_ADULTO,ANSIOLITICO,4279
2014,11,2,JOVEM_ADULTO,ANTIDEPRESSIVO,4557
2014,11,2,JOVEM_ADULTO,ANTIPSICÓTICO_ESTABILIZADOR,1879
2014,12,1,ADULTO_TRABALHADOR,ANSIOLITICO,46464
2014,12,1,ADULTO_TRABALHADOR,ANTIDEPRESSIVO,39968
2014,12,1,ADULTO_TRABALHADOR,ANTIPSICÓTICO_ESTABILIZADOR,20751
2014,12,1,CRIANCA_ADOLESCENTE,ANSIOLITICO,35053
2014,12,1,CRIANCA_ADOLESCENTE,ANTIDEPRESSIVO,33678
2014,12,1,CRIANCA_ADOLESCENTE,ANTIPSICÓTICO_ESTABILIZADOR,17267
2014,12,1,IDOSO,ANSIOLITICO,20462
2014,12,1,IDOSO,ANTIDEPRESSIVO,12654
2014,12,1,IDOSO,ANTIPSICÓTICO_ESTABILIZADOR,6178
2014,12,1,JOVEM_ADULTO,ANSIOLITICO,3102
2014,12,1,JOVEM_ADULTO,ANTIDEPRESSIVO,2649
2014,12,1,JOVEM_ADULTO,ANTIPSICÓTICO_ESTABILIZADOR,2259
2014,12,2,ADULTO_TRABALHADOR,ANSIOLITICO,87900
2014,12,2,ADULTO_TRABALHADOR,ANTIDEPRESSIVO,80659
2014,12,2,ADULTO_TRABALHADOR,ANTIPSICÓTICO_ESTABILIZADOR,24322
2014,12,2,CRIANCA_ADOLESCENTE,ANSIOLITICO,27985
2014,12,2,CRIANCA_ADOLESCENTE,ANTIDEPRESSIVO,34277
2014,12,2,CRIANCA_ADOLESCENTE,ANTIPSICÓTICO_ESTABILIZADOR,10755
2014,12,2,IDOSO,ANSIOLITICO,42558
2014,12,2,IDOSO,ANTIDEPRESSIVO,28637
2014,12,2,IDOSO,ANTIPSICÓTICO_ESTABILIZADOR,8810
2014,12,2,JOVEM_ADULTO,ANSIOLITICO,4864
2014,12,2,JOVEM_ADULTO,ANTIDEPRESSIVO,4688
2014,12,2,JOVEM_ADULTO,ANTIPSICÓTICO_ESTABILIZADOR,2022
2015,1,1,ADULTO_TRABALHADOR,ANSIOLITICO,40203
2015,1,1,ADULTO_TRABALHADOR,ANTIDEPRESSIVO,34700
2015,1,1,ADULTO_TRABALHADOR,ANTIPSICÓTICO_ESTABILIZADOR,18970
2015,1,1,CRIANCA_ADOLESCENTE,ANSIOLITICO,31761
2015,1,1,CRIANCA_ADOLESCENTE,ANTIDEPRESSIVO,30792
2015,1,1,CRIANCA_ADOLESCENTE,ANTIPSICÓTICO_ESTABILIZADOR,15724
2015,1,1,IDOSO,ANSIOLITICO,19476
2015,1,1,IDOSO,ANTIDEPRESSIVO,12569
2015,1,1,IDOSO,ANTIPSICÓTICO_ESTABILIZADOR,5995
2015,1,1,JOVEM_ADULTO,ANSIOLITICO,2777
2015,1,1,JOVEM_ADULTO,ANTIDEPRESSIVO,2262
2015,1,1,JOVEM_ADULTO,ANTIPSICÓTICO_ESTABILIZADOR,1952
2015,1,2,ADULTO_TRABALHADOR,ANSIOLITICO,77617
2015,1,2,ADULTO_TRABALHADOR,ANTIDEPRESSIVO,70963
2015,1,2,ADULTO_TRABALHADOR,ANTIPSICÓTICO_ESTABILIZADOR,21928
2015,1,2,CRIANCA_ADOLESCENTE,ANSIOLITICO,24241
2015,1,2,CRIANCA_ADOLESCENTE,ANTIDEPRESSIVO,28671
2015,1,2,CRIANCA_ADOLESCENTE,ANTIPSICÓTICO_ESTABILIZADOR,9728
2015,1,2,IDOSO,ANSIOLITICO,39759
2015,1,2,IDOSO,ANTIDEPRESSIVO,26695
2015,1,2,IDOSO,ANTIPSICÓTICO_ESTABILIZADOR,8223
2015,1,2,JOVEM_ADULTO,ANSIOLITICO,4495
2015,1,2,JOVEM_ADULTO,ANTIDEPRESSIVO,4266
2015,1,2,JOVEM_ADULTO,ANTIPSICÓTICO_ESTABILIZADOR,1718
2015,2,1,ADULTO_TRABALHADOR,ANSIOLITICO,37025
2015,2,1,ADULTO_TRABALHADOR,ANTIDEPRESSIVO,31871
2015,2,1,ADULTO_TRABALHADOR,ANTIPSICÓTICO_ESTABILIZADOR,16809
2015,2,1,CRIANCA_ADOLESCENTE,ANSIOLITICO,30591
2015,2,1,CRIANCA_ADOLESCENTE,ANTIDEPRESSIVO,29447
2015,2,1,CRIANCA_ADOLESCENTE,ANTIPSICÓTICO_ESTABILIZADOR,14762
2015,2,1,IDOSO,ANSIOLITICO,17443
2015,2,1,IDOSO,ANTIDEPRESSIVO,10687
2015,2,1,IDOSO,ANTIPSICÓTICO_ESTABILIZADOR,5177
2015,2,1,JOVEM_ADULTO,ANSIOLITICO,2492
2015,2,1,JOVEM_ADULTO,ANTIDEPRESSIVO,2169
2015,2,1,JOVEM_ADULTO,ANTIPSICÓTICO_ESTABILIZADOR,1895
2015,2,2,ADULTO_TRABALHADOR,ANSIOLITICO,72378
2015,2,2,ADULTO_TRABALHADOR,ANTIDEPRESSIVO,66562
2015,2,2,ADULTO_TRABALHADOR,ANTIPSICÓTICO_ESTABILIZADOR,20169
2015,2,2,CRIANCA_ADOLESCENTE,ANSIOLITICO,24442
2015,2,2,CRIANCA_ADOLESCENTE,ANTIDEPRESSIVO,28346
2015,2,2,CRIANCA_ADOLESCENTE,ANTIPSICÓTICO_ESTABILIZADOR,8968
2015,2,2,IDOSO,ANSIOLITICO,36131
2015,2,2,IDOSO,ANTIDEPRESSIVO,24177
2015,2,2,IDOSO,ANTIPSICÓTICO_ESTABILIZADOR,7456
2015,2,2,JOVEM_ADULTO,ANSIOLITICO,4191
2015,2,2,JOVEM_ADULTO,ANTIDEPRESSIVO,3674
2015,2,2,JOVEM_ADULTO,ANTIPSICÓTICO_ESTABILIZADOR,1699
2015,3,1,ADULTO_TRABALHADOR,ANSIOLITICO,39943
2015,3,1,ADULTO_TRABALHADOR,ANTIDEPRESSIVO,33924
2015,3,1,ADULTO_TRABALHADOR,ANTIPSICÓTICO_ESTABILIZADOR,17692
2015,3,1,CRIANCA_ADOLESCENTE,ANSIOLITICO,33159
2015,3,1,CRIANCA_ADOLESCENTE,ANTIDEPRESSIVO,33569
2015,3,1,CRIANCA_ADOLESCENTE,ANTIPSICÓTICO_ESTABILIZADOR,16718
2015,3,1,IDOSO,ANSIOLITICO,17613
2015,3,1,IDOSO,ANTIDEPRESSIVO,10879
2015,3,1,IDOSO,ANTIPSICÓTICO_ESTABILIZADOR,5251
2015,3,1,JOVEM_ADULTO,ANSIOLITICO,2863
2015,3,1,JOVEM_ADULTO,ANTIDEPRESSIVO,2345
2015,3,1,JOVEM_ADULTO,ANTIPSICÓTICO_ESTABILIZADOR,2007
2015,3,2,ADULTO_TRABALHADOR,ANSIOLITICO,77476
2015,3,2,ADULTO_TRABALHADOR,ANTIDEPRESSIVO,72453
2015,3,2,ADULTO_TRABALHADOR,ANTIPSICÓTICO_ESTABILIZADOR,21230
2015,3,2,CRIANCA_ADOLESCENTE,ANSIOLITICO,28291
2015,3,2,CRIANCA_ADOLESCENTE,ANTIDEPRESSIVO,33616
2015,3,2,CRIANCA_ADOLESCENTE,ANTIPSICÓTICO_ESTABILIZADOR,10382
2015,3,2,IDOSO,ANSIOLITICO,37666
2015,3,2,IDOSO,ANTIDEPRESSIVO,25143
2015,3,2,IDOSO,ANTIPSICÓTICO_ESTABILIZADOR,7502
2015,3,2,JOVEM_ADULTO,ANSIOLITICO,4429
2015,3,2,JOVEM_ADULTO,ANTIDEPRESSIVO,4398
2015,3,2,JOVEM_ADULTO,ANTIPSICÓTICO_ESTABILIZADOR,1956
2015,4,1,ADULTO_TRABALHADOR,ANSIOLITICO,36683
2015,4,1,ADULTO_TRABALHADOR,ANTIDEPRESSIVO,30126
2015,4,1,ADULTO_TRABALHADOR,ANTIPSICÓTICO_ESTABILIZADOR,16429
2015,4,1,CRIANCA_ADOLESCENTE,ANSIOLITICO,32042
2015,4,1,CRIANCA_ADOLESCENTE,ANTIDEPRESSIVO,31315
2015,4,1,CRIANCA_ADOLESCENTE,ANTIPSICÓTICO_ESTABILIZADOR,14965
2015,4,1,IDOSO,ANSIOLITICO,16301
2015,4,1,IDOSO,ANTIDEPRESSIVO,9871
2015,4,1,IDOSO,ANTIPSICÓTICO_ESTABILIZADOR,4886
2015,4,1,JOVEM_ADULTO,ANSIOLITICO,2507
2015,4,1,JOVEM_ADULTO,ANTIDEPRESSIVO,2168
2015,4,1,JOVEM_ADULTO,ANTIPSICÓTICO_ESTABILIZADOR,2060
2015,4,2,ADULTO_TRABALHADOR,ANSIOLITICO,71150
2015,4,2,ADULTO_TRABALHADOR,ANTIDEPRESSIVO,66413
2015,4,2,ADULTO_TRABALHADOR,ANTIPSICÓTICO_ESTABILIZADOR,19849
2015,4,2,CRIANCA_ADOLESCENTE,ANSIOLITICO,26392
2015,4,2,CRIANCA_ADOLESCENTE,ANTIDEPRESSIVO,29688
2015,4,2,CRIANCA_ADOLESCENTE,ANTIPSICÓTICO_ESTABILIZADOR,9730
2015,4,2,IDOSO,ANSIOLITICO,34847
2015,4,2,IDOSO,ANTIDEPRESSIVO,23071
2015,4,2,IDOSO,ANTIPSICÓTICO_ESTABILIZADOR,7163
2015,4,2,JOVEM_ADULTO,ANSIOLITICO,4224
2015,4,2,JOVEM_ADULTO,ANTIDEPRESSIVO,3921
2015,4,2,JOVEM_ADULTO,ANTIPSICÓTICO_ESTABILIZADOR,1655
2015,5,1,ADULTO_TRABALHADOR,ANSIOLITICO,36871
2015,5,1,ADULTO_TRABALHADOR,ANTIDEPRESSIVO,30661
2015,5,1,ADULTO_TRABALHADOR,ANTIPSICÓTICO_ESTABILIZADOR,16448
2015,5,1,CRIANCA_ADOLESCENTE,ANSIOLITICO,33139
2015,5,1,CRIANCA_ADOLESCENTE,ANTIDEPRESSIVO,31831
2015,5,1,CRIANCA_ADOLESCENTE,ANTIPSICÓTICO_ESTABILIZADOR,16066
2015,5,1,IDOSO,ANSIOLITICO,16700
2015,5,1,IDOSO,ANTIDEPRESSIVO,9881
2015,5,1,IDOSO,ANTIPSICÓTICO_ESTABILIZADOR,4862
2015,5,1,JOVEM_ADULTO,ANSIOLITICO,2568
2015,5,1,JOVEM_ADULTO,ANTIDEPRESSIVO,2182
2015,5,1,JOVEM_ADULTO,ANTIPSICÓTICO_ESTABILIZADOR,1923
2015,5,2,ADULTO_TRABALHADOR,ANSIOLITICO,73024
2015,5,2,ADULTO_TRABALHADOR,ANTIDEPRESSIVO,66300
2015,5,2,ADULTO_TRABALHADOR,ANTIPSICÓTICO_ESTABILIZADOR,20275
2015,5,2,CRIANCA_ADOLESCENTE,ANSIOLITICO,26824
2015,5,2,CRIANCA_ADOLESCENTE,ANTIDEPRESSIVO,29135
2015,5,2,CRIANCA_ADOLESCENTE,ANTIPSICÓTICO_ESTABILIZADOR,9652
2015,5,2,IDOSO,ANSIOLITICO,35855
2015,5,2,IDOSO,ANTIDEPRESSIVO,23377
2015,5,2,IDOSO,ANTIPSICÓTICO_ESTABILIZADOR,7213
2015,5,2,JOVEM_ADULTO,ANSIOLITICO,4040
2015,5,2,JOVEM_ADULTO,ANTIDEPRESSIVO,3827
2015,5,2,JOVEM_ADULTO,ANTIPSICÓTICO_ESTABILIZADOR,1510
2015,6,1,ADULTO_TRABALHADOR,ANSIOLITICO,36836
2015,6,1,ADULTO_TRABALHADOR,ANTIDEPRESSIVO,30527
2015,6,1,ADULTO_TRABALHADOR,ANTIPSICÓTICO_ESTABILIZADOR,16020
2015,6,1,CRIANCA_ADOLESCENTE,ANSIOLITICO,32509
2015,6,1,CRIANCA_ADOLESCENTE,ANTIDEPRESSIVO,31183
2015,6,1,CRIANCA_ADOLESCENTE,ANTIPSICÓTICO_ESTABILIZADOR,15901
2015,6,1,IDOSO,ANSIOLITICO,17731
2015,6,1,IDOSO,ANTIDEPRESSIVO,10209
2015,6,1,IDOSO,ANTIPSICÓTICO_ESTABILIZADOR,5114
2015,6,1,JOVEM_ADULTO,ANSIOLITICO,2761
2015,6,1,JOVEM_ADULTO,ANTIDEPRESSIVO,2235
2015,6,1,JOVEM_ADULTO,ANTIPSICÓTICO_ESTABILIZADOR,1919
2015,6,2,ADULTO_TRABALHADOR,ANSIOLITICO,73685
2015,6,2,ADULTO_TRABALHADOR,ANTIDEPRESSIVO,66389
2015,6,2,ADULTO_TRABALHADOR,ANTIPSICÓTICO_ESTABILIZADOR,20020
2015,6,2,CRIANCA_ADOLESCENTE,ANSIOLITICO,27252
2015,6,2,CRIANCA_ADOLESCENTE,ANTIDEPRESSIVO,30518
2015,6,2,CRIANCA_ADOLESCENTE,ANTIPSICÓTICO_ESTABILIZADOR,9816
2015,6,2,IDOSO,ANSIOLITICO,37302
2015,6,2,IDOSO,ANTIDEPRESSIVO,24566
2015,6,2,IDOSO,ANTIPSICÓTICO_ESTABILIZADOR,7489
2015,6,2,JOVEM_ADULTO,ANSIOLITICO,4245
2015,6,2,JOVEM_ADULTO,ANTIDEPRESSIVO,3901
2015,6,2,JOVEM_ADULTO,ANTIPSICÓTICO_ESTABILIZADOR,1636
2015,7,1,ADULTO_TRABALHADOR,ANSIOLITICO,131273
2015,7,1,ADULTO_TRABALHADOR,ANTIDEPRESSIVO,32279
2015,7,1,ADULTO_TRABALHADOR,ANTIPSICÓTICO_ESTABILIZADOR,17740
2015,7,1,CRIANCA_ADOLESCENTE,ANSIOLITICO,33694
2015,7,1,CRIANCA_ADOLESCENTE,ANTIDEPRESSIVO,32038
2015,7,1,CRIANCA_ADOLESCENTE,ANTIPSICÓTICO_ESTABILIZADOR,16405
2015,7,1,IDOSO,ANSIOLITICO,18215
2015,7,1,IDOSO,ANTIDEPRESSIVO,11246
2015,7,1,IDOSO,ANTIPSICÓTICO_ESTABILIZADOR,5396
2015,7,1,JOVEM_ADULTO,ANSIOLITICO,2453
2015,7,1,JOVEM_ADULTO,ANTIDEPRESSIVO,2321
2015,7,1,JOVEM_ADULTO,ANTIPSICÓTICO_ESTABILIZADOR,2241
2015,7,2,ADULTO_TRABALHADOR,ANSIOLITICO,80351
2015,7,2,ADULTO_TRABALHADOR,ANTIDEPRESSIVO,71017
2015,7,2,ADULTO_TRABALHADOR,ANTIPSICÓTICO_ESTABILIZADOR,21409
2015,7,2,CRIANCA_ADOLESCENTE,ANSIOLITICO,27729
2015,7,2,CRIANCA_ADOLESCENTE,ANTIDEPRESSIVO,30680
2015,7,2,CRIANCA_ADOLESCENTE,ANTIPSICÓTICO_ESTABILIZADOR,10196
2015,7,2,IDOSO,ANSIOLITICO,39302
2015,7,2,IDOSO,ANTIDEPRESSIVO,26319
2015,7,2,IDOSO,ANTIPSICÓTICO_ESTABILIZADOR,8134
2015,7,2,JOVEM_ADULTO,ANSIOLITICO,4168
2015,7,2,JOVEM_ADULTO,ANTIDEPRESSIVO,4602
2015,7,2,JOVEM_ADULTO,ANTIPSICÓTICO_ESTABILIZADOR,2107
2015,8,1,ADULTO_TRABALHADOR,ANSIOLITICO,36665
2015,8,1,ADULTO_TRABALHADOR,ANTIDEPRESSIVO,30882
2015,8,1,ADULTO_TRABALHADOR,ANTIPSICÓTICO_ESTABILIZADOR,16617
2015,8,1,CRIANCA_ADOLESCENTE,ANSIOLITICO,30411
2015,8,1,CRIANCA_ADOLESCENTE,ANTIDEPRESSIVO,29055
2015,8,1,CRIANCA_ADOLESCENTE,ANTIPSICÓTICO_ESTABILIZADOR,15638
2015,8,1,IDOSO,ANSIOLITICO,17116
2015,8,1,IDOSO,ANTIDEPRESSIVO,10392
2015,8,1,IDOSO,ANTIPSICÓTICO_ESTABILIZADOR,5308
2015,8,1,JOVEM_ADULTO,ANSIOLITICO,2420
2015,8,1,JOVEM_ADULTO,ANTIDEPRESSIVO,2352
2015,8,1,JOVEM_ADULTO,ANTIPSICÓTICO_ESTABILIZADOR,2069
2015,8,2,ADULTO_TRABALHADOR,ANSIOLITICO,75395
2015,8,2,ADULTO_TRABALHADOR,ANTIDEPRESSIVO,68225
2015,8,2,ADULTO_TRABALHADOR,ANTIPSICÓTICO_ESTABILIZADOR,20565
2015,8,2,CRIANCA_ADOLESCENTE,ANSIOLITICO,24635
2015,8,2,CRIANCA_ADOLESCENTE,ANTIDEPRESSIVO,27250
2015,8,2,CRIANCA_ADOLESCENTE,ANTIPSICÓTICO_ESTABILIZADOR,9261
2015,8,2,IDOSO,ANSIOLITICO,37146
2015,8,2,IDOSO,ANTIDEPRESSIVO,24987
2015,8,2,IDOSO,ANTIPSICÓTICO_ESTABILIZADOR,7583
2015,8,2,JOVEM_ADULTO,ANSIOLITICO,3716
2015,8,2,JOVEM_ADULTO,ANTIDEPRESSIVO,4327
2015,8,2,JOVEM_ADULTO,ANTIPSICÓTICO_ESTABILIZADOR,1889
2015,9,1,ADULTO_TRABALHADOR,ANSIOLITICO,37649
2015,9,1,ADULTO_TRABALHADOR,ANTIDEPRESSIVO,32825
2015,9,1,ADULTO_TRABALHADOR,ANTIPSICÓTICO_ESTABILIZADOR,17735
2015,9,1,CRIANCA_ADOLESCENTE,ANSIOLITICO,30682
2015,9,1,CRIANCA_ADOLESCENTE,ANTIDEPRESSIVO,29645
2015,9,1,CRIANCA_ADOLESCENTE,ANTIPSICÓTICO_ESTABILIZADOR,15523
2015,9,1,IDOSO,ANSIOLITICO,17337
2015,9,1,IDOSO,ANTIDEPRESSIVO,10307
2015,9,1,IDOSO,ANTIPSICÓTICO_ESTABILIZADOR,5353
2015,9,1,JOVEM_ADULTO,ANSIOLITICO,2437
2015,9,1,JOVEM_ADULTO,ANTIDEPRESSIVO,2358
2015,9,1,JOVEM_ADULTO,ANTIPSICÓTICO_ESTABILIZADOR,2045
2015,9,2,ADULTO_TRABALHADOR,ANSIOLITICO,74058
2015,9,2,ADULTO_TRABALHADOR,ANTIDEPRESSIVO,70180
2015,9,2,ADULTO_TRABALHADOR,ANTIPSICÓTICO_ESTABILIZADOR,21427
2015,9,2,CRIANCA_ADOLESCENTE,ANSIOLITICO,24627
2015,9,2,CRIANCA_ADOLESCENTE,ANTIDEPRESSIVO,27568
2015,9,2,CRIANCA_ADOLESCENTE,ANTIPSICÓTICO_ESTABILIZADOR,9294
2015,9,2,IDOSO,ANSIOLITICO,36249
2015,9,2,IDOSO,ANTIDEPRESSIVO,25284
2015,9,2,IDOSO,ANTIPSICÓTICO_ESTABILIZADOR,8079
2015,9,2,JOVEM_ADULTO,ANSIOLITICO,3289
2015,9,2,JOVEM_ADULTO,ANTIDEPRESSIVO,4122
2015,9,2,JOVEM_ADULTO,ANTIPSICÓTICO_ESTABILIZADOR,1788
2015,10,1,ADULTO_TRABALHADOR,ANSIOLITICO,38412
2015,10,1,ADULTO_TRABALHADOR,ANTIDEPRESSIVO,33048
2015,10,1,ADULTO_TRABALHADOR,ANTIPSICÓTICO_ESTABILIZADOR,18705
2015,10,1,CRIANCA_ADOLESCENTE,ANSIOLITICO,31805
2015,10,1,CRIANCA_ADOLESCENTE,ANTIDEPRESSIVO,31740
2015,10,1,CRIANCA_ADOLESCENTE,ANTIPSICÓTICO_ESTABILIZADOR,16479
2015,10,1,IDOSO,ANSIOLITICO,16833
2015,10,1,IDOSO,ANTIDEPRESSIVO,10547
2015,10,1,IDOSO,ANTIPSICÓTICO_ESTABILIZADOR,5359
2015,10,1,JOVEM_ADULTO,ANSIOLITICO,2451
2015,10,1,JOVEM_ADULTO,ANTIDEPRESSIVO,2469
2015,10,1,JOVEM_ADULTO,ANTIPSICÓTICO_ESTABILIZADOR,2280
2015,10,2,ADULTO_TRABALHADOR,ANSIOLITICO,77104
2015,10,2,ADULTO_TRABALHADOR,ANTIDEPRESSIVO,73048
2015,10,2,ADULTO_TRABALHADOR,ANTIPSICÓTICO_ESTABILIZADOR,22547
2015,10,2,CRIANCA_ADOLESCENTE,ANSIOLITICO,25833
2015,10,2,CRIANCA_ADOLESCENTE,ANTIDEPRESSIVO,29840
2015,10,2,CRIANCA_ADOLESCENTE,ANTIPSICÓTICO_ESTABILIZADOR,9785
2015,10,2,IDOSO,ANSIOLITICO,37070
2015,10,2,IDOSO,ANTIDEPRESSIVO,26037
2015,10,2,IDOSO,ANTIPSICÓTICO_ESTABILIZADOR,8051
2015,10,2,JOVEM_ADULTO,ANSIOLITICO,3492
2015,10,2,JOVEM_ADULTO,ANTIDEPRESSIVO,4297
2015,10,2,JOVEM_ADULTO,ANTIPSICÓTICO_ESTABILIZADOR,1692
2015,11,1,ADULTO_TRABALHADOR,ANSIOLITICO,36432
2015,11,1,ADULTO_TRABALHADOR,ANTIDEPRESSIVO,31687
2015,11,1,ADULTO_TRABALHADOR,ANTIPSICÓTICO_ESTABILIZADOR,17341
2015,11,1,CRIANCA_ADOLESCENTE,ANSIOLITICO,31296
2015,11,1,CRIANCA_ADOLESCENTE,ANTIDEPRESSIVO,32927
2015,11,1,CRIANCA_ADOLESCENTE,ANTIPSICÓTICO_ESTABILIZADOR,16629
2015,11,1,IDOSO,ANSIOLITICO,16365
2015,11,1,IDOSO,ANTIDEPRESSIVO,10453
2015,11,1,IDOSO,ANTIPSICÓTICO_ESTABILIZADOR,5045
2015,11,1,JOVEM_ADULTO,ANSIOLITICO,2565
2015,11,1,JOVEM_ADULTO,ANTIDEPRESSIVO,2403
2015,11,1,JOVEM_ADULTO,ANTIPSICÓTICO_ESTABILIZADOR,2022
2015,11,2,ADULTO_TRABALHADOR,ANSIOLITICO,71183
2015,11,2,ADULTO_TRABALHADOR,ANTIDEPRESSIVO,68590
2015,11,2,ADULTO_TRABALHADOR,ANTIPSICÓTICO_ESTABILIZADOR,21121
2015,11,2,CRIANCA_ADOLESCENTE,ANSIOLITICO,26061
2015,11,2,CRIANCA_ADOLESCENTE,ANTIDEPRESSIVO,29793
2015,11,2,CRIANCA_ADOLESCENTE,ANTIPSICÓTICO_ESTABILIZADOR,10027
2015,11,2,IDOSO,ANSIOLITICO,34667
2015,11,2,IDOSO,ANTIDEPRESSIVO,24805
2015,11,2,IDOSO,ANTIPSICÓTICO_ESTABILIZADOR,7933
2015,11,2,JOVEM_ADULTO,ANSIOLITICO,3567
2015,11,2,JOVEM_ADULTO,ANTIDEPRESSIVO,4187
2015,11,2,JOVEM_ADULTO,ANTIPSICÓTICO_ESTABILIZADOR,1719
2015,12,1,ADULTO_TRABALHADOR,ANSIOLITICO,39932
2015,12,1,ADULTO_TRABALHADOR,ANTIDEPRESSIVO,34858
2015,12,1,ADULTO_TRABALHADOR,ANTIPSICÓTICO_ESTABILIZADOR,19470
2015,12,1,CRIANCA_ADOLESCENTE,ANSIOLITICO,34776
2015,12,1,CRIANCA_ADOLESCENTE,ANTIDEPRESSIVO,35276
2015,12,1,CRIANCA_ADOLESCENTE,ANTIPSICÓTICO_ESTABILIZADOR,17740
2015,12,1,IDOSO,ANSIOLITICO,17796
2015,12,1,IDOSO,ANTIDEPRESSIVO,11745
2015,12,1,IDOSO,ANTIPSICÓTICO_ESTABILIZADOR,5787
2015,12,1,JOVEM_ADULTO,ANSIOLITICO,2319
2015,12,1,JOVEM_ADULTO,ANTIDEPRESSIVO,2312
2015,12,1,JOVEM_ADULTO,ANTIPSICÓTICO_ESTABILIZADOR,2282
2015,12,2,ADULTO_TRABALHADOR,ANSIOLITICO,79898
2015,12,2,ADULTO_TRABALHADOR,ANTIDEPRESSIVO,75815
2015,12,2,ADULTO_TRABALHADOR,ANTIPSICÓTICO_ESTABILIZADOR,23594
2015,12,2,CRIANCA_ADOLESCENTE,ANSIOLITICO,28296
2015,12,2,CRIANCA_ADOLESCENTE,ANTIDEPRESSIVO,33277
2015,12,2,CRIANCA_ADOLESCENTE,ANTIPSICÓTICO_ESTABILIZADOR,10906
2015,12,2,IDOSO,ANSIOLITICO,38531
2015,12,2,IDOSO,ANTIDEPRESSIVO,27239
2015,12,2,IDOSO,ANTIPSICÓTICO_ESTABILIZADOR,8556
2015,12,2,JOVEM_ADULTO,ANSIOLITICO,3124
2015,12,2,JOVEM_ADULTO,ANTIDEPRESSIVO,4012
2015,12,2,JOVEM_ADULTO,ANTIPSICÓTICO_ESTABILIZADOR,1727
2016,1,1,ADULTO_TRABALHADOR,ANSIOLITICO,35676
2016,1,1,ADULTO_TRABALHADOR,ANTIDEPRESSIVO,30777
2016,1,1,ADULTO_TRABALHADOR,ANTIPSICÓTICO_ESTABILIZADOR,16874
2016,1,1,CRIANCA_ADOLESCENTE,ANSIOLITICO,28626
2016,1,1,CRIANCA_ADOLESCENTE,ANTIDEPRESSIVO,30118
2016,1,1,CRIANCA_ADOLESCENTE,ANTIPSICÓTICO_ESTABILIZADOR,15539
2016,1,1,IDOSO,ANSIOLITICO,16810
2016,1,1,IDOSO,ANTIDEPRESSIVO,10440
2016,1,1,IDOSO,ANTIPSICÓTICO_ESTABILIZADOR,5551
2016,1,1,JOVEM_ADULTO,ANSIOLITICO,1811
2016,1,1,JOVEM_ADULTO,ANTIDEPRESSIVO,1966
2016,1,1,JOVEM_ADULTO,ANTIPSICÓTICO_ESTABILIZADOR,1967
2016,1,2,ADULTO_TRABALHADOR,ANSIOLITICO,69411
2016,1,2,ADULTO_TRABALHADOR,ANTIDEPRESSIVO,66182
2016,1,2,ADULTO_TRABALHADOR,ANTIPSICÓTICO_ESTABILIZADOR,21147
2016,1,2,CRIANCA_ADOLESCENTE,ANSIOLITICO,24168
2016,1,2,CRIANCA_ADOLESCENTE,ANTIDEPRESSIVO,29200
2016,1,2,CRIANCA_ADOLESCENTE,ANTIPSICÓTICO_ESTABILIZADOR,9852
2016,1,2,IDOSO,ANSIOLITICO,34264
2016,1,2,IDOSO,ANTIDEPRESSIVO,24717
2016,1,2,IDOSO,ANTIPSICÓTICO_ESTABILIZADOR,7689
2016,1,2,JOVEM_ADULTO,ANSIOLITICO,2595
2016,1,2,JOVEM_ADULTO,ANTIDEPRESSIVO,3729
2016,1,2,JOVEM_ADULTO,ANTIPSICÓTICO_ESTABILIZADOR,1661
2016,2,1,ADULTO_TRABALHADOR,ANSIOLITICO,35419
2016,2,1,ADULTO_TRABALHADOR,ANTIDEPRESSIVO,30660
2016,2,1,ADULTO_TRABALHADOR,ANTIPSICÓTICO_ESTABILIZADOR,17334
2016,2,1,CRIANCA_ADOLESCENTE,ANSIOLITICO,27745
2016,2,1,CRIANCA_ADOLESCENTE,ANTIDEPRESSIVO,29324
2016,2,1,CRIANCA_ADOLESCENTE,ANTIPSICÓTICO_ESTABILIZADOR,14594
2016,2,1,IDOSO,ANSIOLITICO,15956
2016,2,1,IDOSO,ANTIDEPRESSIVO,10629
2016,2,1,IDOSO,ANTIPSICÓTICO_ESTABILIZADOR,5370
2016,2,1,JOVEM_ADULTO,ANSIOLITICO,1815
2016,2,1,JOVEM_ADULTO,ANTIDEPRESSIVO,2218
2016,2,1,JOVEM_ADULTO,ANTIPSICÓTICO_ESTABILIZADOR,2095
2016,2,2,ADULTO_TRABALHADOR,ANSIOLITICO,70162
2016,2,2,ADULTO_TRABALHADOR,ANTIDEPRESSIVO,66921
2016,2,2,ADULTO_TRABALHADOR,ANTIPSICÓTICO_ESTABILIZADOR,21417
2016,2,2,CRIANCA_ADOLESCENTE,ANSIOLITICO,25076
2016,2,2,CRIANCA_ADOLESCENTE,ANTIDEPRESSIVO,28964
2016,2,2,CRIANCA_ADOLESCENTE,ANTIPSICÓTICO_ESTABILIZADOR,9362
2016,2,2,IDOSO,ANSIOLITICO,35034
2016,2,2,IDOSO,ANTIDEPRESSIVO,25116
2016,2,2,IDOSO,ANTIPSICÓTICO_ESTABILIZADOR,7795
2016,2,2,JOVEM_ADULTO,ANSIOLITICO,2664
2016,2,2,JOVEM_ADULTO,ANTIDEPRESSIVO,3589
2016,2,2,JOVEM_ADULTO,ANTIPSICÓTICO_ESTABILIZADOR,1522
2016,3,1,ADULTO_TRABALHADOR,ANSIOLITICO,39390
2016,3,1,ADULTO_TRABALHADOR,ANTIDEPRESSIVO,33781
2016,3,1,ADULTO_TRABALHADOR,ANTIPSICÓTICO_ESTABILIZADOR,18988
2016,3,1,CRIANCA_ADOLESCENTE,ANSIOLITICO,32746
2016,3,1,CRIANCA_ADOLESCENTE,ANTIDEPRESSIVO,34083
2016,3,1,CRIANCA_ADOLESCENTE,ANTIPSICÓTICO_ESTABILIZADOR,17304
2016,3,1,IDOSO,ANSIOLITICO,18121
2016,3,1,IDOSO,ANTIDEPRESSIVO,12053
2016,3,1,IDOSO,ANTIPSICÓTICO_ESTABILIZADOR,6023
2016,3,1,JOVEM_ADULTO,ANSIOLITICO,1946
2016,3,1,JOVEM_ADULTO,ANTIDEPRESSIVO,2131
2016,3,1,JOVEM_ADULTO,ANTIPSICÓTICO_ESTABILIZADOR,2099
2016,3,2,ADULTO_TRABALHADOR,ANSIOLITICO,79463
2016,3,2,ADULTO_TRABALHADOR,ANTIDEPRESSIVO,75046
2016,3,2,ADULTO_TRABALHADOR,ANTIPSICÓTICO_ESTABILIZADOR,23652
2016,3,2,CRIANCA_ADOLESCENTE,ANSIOLITICO,27595
2016,3,2,CRIANCA_ADOLESCENTE,ANTIDEPRESSIVO,33166
2016,3,2,CRIANCA_ADOLESCENTE,ANTIPSICÓTICO_ESTABILIZADOR,10749
2016,3,2,IDOSO,ANSIOLITICO,37715
2016,3,2,IDOSO,ANTIDEPRESSIVO,27845
2016,3,2,IDOSO,ANTIPSICÓTICO_ESTABILIZADOR,8640
2016,3,2,JOVEM_ADULTO,ANSIOLITICO,2783
2016,3,2,JOVEM_ADULTO,ANTIDEPRESSIVO,3652
2016,3,2,JOVEM_ADULTO,ANTIPSICÓTICO_ESTABILIZADOR,1744
2016,4,1,ADULTO_TRABALHADOR,ANSIOLITICO,35887
2016,4,1,ADULTO_TRABALHADOR,ANTIDEPRESSIVO,30925
2016,4,1,ADULTO_TRABALHADOR,ANTIPSICÓTICO_ESTABILIZADOR,18256
2016,4,1,CRIANCA_ADOLESCENTE,ANSIOLITICO,29569
2016,4,1,CRIANCA_ADOLESCENTE,ANTIDEPRESSIVO,29750
2016,4,1,CRIANCA_ADOLESCENTE,ANTIPSICÓTICO_ESTABILIZADOR,15541
2016,4,1,IDOSO,ANSIOLITICO,17429
2016,4,1,IDOSO,ANTIDEPRESSIVO,11693
2016,4,1,IDOSO,ANTIPSICÓTICO_ESTABILIZADOR,5806
2016,4,1,JOVEM_ADULTO,ANSIOLITICO,1680
2016,4,1,JOVEM_ADULTO,ANTIDEPRESSIVO,1943
2016,4,1,JOVEM_ADULTO,ANTIPSICÓTICO_ESTABILIZADOR,1864
2016,4,2,ADULTO_TRABALHADOR,ANSIOLITICO,72204
2016,4,2,ADULTO_TRABALHADOR,ANTIDEPRESSIVO,69158
2016,4,2,ADULTO_TRABALHADOR,ANTIPSICÓTICO_ESTABILIZADOR,22324
2016,4,2,CRIANCA_ADOLESCENTE,ANSIOLITICO,24920
2016,4,2,CRIANCA_ADOLESCENTE,ANTIDEPRESSIVO,29739
2016,4,2,CRIANCA_ADOLESCENTE,ANTIPSICÓTICO_ESTABILIZADOR,9416
2016,4,2,IDOSO,ANSIOLITICO,34445
2016,4,2,IDOSO,ANTIDEPRESSIVO,25001
2016,4,2,IDOSO,ANTIPSICÓTICO_ESTABILIZADOR,7825
2016,4,2,JOVEM_ADULTO,ANSIOLITICO,2561
2016,4,2,JOVEM_ADULTO,ANTIDEPRESSIVO,3469
2016,4,2,JOVEM_ADULTO,ANTIPSICÓTICO_ESTABILIZADOR,1567
2016,5,1,ADULTO_TRABALHADOR,ANSIOLITICO,35292
2016,5,1,ADULTO_TRABALHADOR,ANTIDEPRESSIVO,31034
2016,5,1,ADULTO_TRABALHADOR,ANTIPSICÓTICO_ESTABILIZADOR,17696
2016,5,1,CRIANCA_ADOLESCENTE,ANSIOLITICO,30293
2016,5,1,CRIANCA_ADOLESCENTE,ANTIDEPRESSIVO,29720
2016,5,1,CRIANCA_ADOLESCENTE,ANTIPSICÓTICO_ESTABILIZADOR,15528
2016,5,1,IDOSO,ANSIOLITICO,18676
2016,5,1,IDOSO,ANTIDEPRESSIVO,12258
2016,5,1,IDOSO,ANTIPSICÓTICO_ESTABILIZADOR,6459
2016,5,1,JOVEM_ADULTO,ANSIOLITICO,1597
2016,5,1,JOVEM_ADULTO,ANTIDEPRESSIVO,1812
2016,5,1,JOVEM_ADULTO,ANTIPSICÓTICO_ESTABILIZADOR,1969
2016,5,2,ADULTO_TRABALHADOR,ANSIOLITICO,70470
2016,5,2,ADULTO_TRABALHADOR,ANTIDEPRESSIVO,68438
2016,5,2,ADULTO_TRABALHADOR,ANTIPSICÓTICO_ESTABILIZADOR,21798
2016,5,2,CRIANCA_ADOLESCENTE,ANSIOLITICO,25477
2016,5,2,CRIANCA_ADOLESCENTE,ANTIDEPRESSIVO,29935
2016,5,2,CRIANCA_ADOLESCENTE,ANTIPSICÓTICO_ESTABILIZADOR,10379
2016,5,2,IDOSO,ANSIOLITICO,34345
2016,5,2,IDOSO,ANTIDEPRESSIVO,25375
2016,5,2,IDOSO,ANTIPSICÓTICO_ESTABILIZADOR,7792
2016,5,2,JOVEM_ADULTO,ANSIOLITICO,2253
2016,5,2,JOVEM_ADULTO,ANTIDEPRESSIVO,3273
2016,5,2,JOVEM_ADULTO,ANTIPSICÓTICO_ESTABILIZADOR,1420
2016,6,1,ADULTO_TRABALHADOR,ANSIOLITICO,35748
2016,6,1,ADULTO_TRABALHADOR,ANTIDEPRESSIVO,30716
2016,6,1,ADULTO_TRABALHADOR,ANTIPSICÓTICO_ESTABILIZADOR,18255
2016,6,1,CRIANCA_ADOLESCENTE,ANSIOLITICO,30026
2016,6,1,CRIANCA_ADOLESCENTE,ANTIDEPRESSIVO,28627
2016,6,1,CRIANCA_ADOLESCENTE,ANTIPSICÓTICO_ESTABILIZADOR,15541
2016,6,1,IDOSO,ANSIOLITICO,18832
2016,6,1,IDOSO,ANTIDEPRESSIVO,12495
2016,6,1,IDOSO,ANTIPSICÓTICO_ESTABILIZADOR,6409
2016,6,1,JOVEM_ADULTO,ANSIOLITICO,1674
2016,6,1,JOVEM_ADULTO,ANTIDEPRESSIVO,1998
2016,6,1,JOVEM_ADULTO,ANTIPSICÓTICO_ESTABILIZADOR,1885
2016,6,2,ADULTO_TRABALHADOR,ANSIOLITICO,72283
2016,6,2,ADULTO_TRABALHADOR,ANTIDEPRESSIVO,67769
2016,6,2,ADULTO_TRABALHADOR,ANTIPSICÓTICO_ESTABILIZADOR,22221
2016,6,2,CRIANCA_ADOLESCENTE,ANSIOLITICO,26673
2016,6,2,CRIANCA_ADOLESCENTE,ANTIDEPRESSIVO,30310
2016,6,2,CRIANCA_ADOLESCENTE,ANTIPSICÓTICO_ESTABILIZADOR,9854
2016,6,2,IDOSO,ANSIOLITICO,35280
2016,6,2,IDOSO,ANTIDEPRESSIVO,25299
2016,6,2,IDOSO,ANTIPSICÓTICO_ESTABILIZADOR,8116
2016,6,2,JOVEM_ADULTO,ANSIOLITICO,2339
2016,6,2,JOVEM_ADULTO,ANTIDEPRESSIVO,3267
2016,6,2,JOVEM_ADULTO,ANTIPSICÓTICO_ESTABILIZADOR,1575
2016,7,1,ADULTO_TRABALHADOR,ANSIOLITICO,35919
2016,7,1,ADULTO_TRABALHADOR,ANTIDEPRESSIVO,30033
2016,7,1,ADULTO_TRABALHADOR,ANTIPSICÓTICO_ESTABILIZADOR,18298
2016,7,1,CRIANCA_ADOLESCENTE,ANSIOLITICO,27566
2016,7,1,CRIANCA_ADOLESCENTE,ANTIDEPRESSIVO,25729
2016,7,1,CRIANCA_ADOLESCENTE,ANTIPSICÓTICO_ESTABILIZADOR,14402
2016,7,1,IDOSO,ANSIOLITICO,19324
2016,7,1,IDOSO,ANTIDEPRESSIVO,11978
2016,7,1,IDOSO,ANTIPSICÓTICO_ESTABILIZADOR,6515
2016,7,1,JOVEM_ADULTO,ANSIOLITICO,1800
2016,7,1,JOVEM_ADULTO,ANTIDEPRESSIVO,1762
2016,7,1,JOVEM_ADULTO,ANTIPSICÓTICO_ESTABILIZADOR,1966
2016,7,2,ADULTO_TRABALHADOR,ANSIOLITICO,72556
2016,7,2,ADULTO_TRABALHADOR,ANTIDEPRESSIVO,68416
2016,7,2,ADULTO_TRABALHADOR,ANTIPSICÓTICO_ESTABILIZADOR,22257
2016,7,2,CRIANCA_ADOLESCENTE,ANSIOLITICO,23609
2016,7,2,CRIANCA_ADOLESCENTE,ANTIDEPRESSIVO,25861
2016,7,2,CRIANCA_ADOLESCENTE,ANTIPSICÓTICO_ESTABILIZADOR,9275
2016,7,2,IDOSO,ANSIOLITICO,35569
2016,7,2,IDOSO,ANTIDEPRESSIVO,24431
2016,7,2,IDOSO,ANTIPSICÓTICO_ESTABILIZADOR,8127
2016,7,2,JOVEM_ADULTO,ANSIOLITICO,2301
2016,7,2,JOVEM_ADULTO,ANTIDEPRESSIVO,3415
2016,7,2,JOVEM_ADULTO,ANTIPSICÓTICO_ESTABILIZADOR,1597
2016,8,1,ADULTO_TRABALHADOR,ANSIOLITICO,39077
2016,8,1,ADULTO_TRABALHADOR,ANTIDEPRESSIVO,33448
2016,8,1,ADULTO_TRABALHADOR,ANTIPSICÓTICO_ESTABILIZADOR,19029
2016,8,1,CRIANCA_ADOLESCENTE,ANSIOLITICO,32521
2016,8,1,CRIANCA_ADOLESCENTE,ANTIDEPRESSIVO,32202
2016,8,1,CRIANCA_ADOLESCENTE,ANTIPSICÓTICO_ESTABILIZADOR,17082
2016,8,1,IDOSO,ANSIOLITICO,21014
2016,8,1,IDOSO,ANTIDEPRESSIVO,14194
2016,8,1,IDOSO,ANTIPSICÓTICO_ESTABILIZADOR,7121
2016,8,1,JOVEM_ADULTO,ANSIOLITICO,2011
2016,8,1,JOVEM_ADULTO,ANTIDEPRESSIVO,2103
2016,8,1,JOVEM_ADULTO,ANTIPSICÓTICO_ESTABILIZADOR,1970
2016,8,2,ADULTO_TRABALHADOR,ANSIOLITICO,77326
2016,8,2,ADULTO_TRABALHADOR,ANTIDEPRESSIVO,73779
2016,8,2,ADULTO_TRABALHADOR,ANTIPSICÓTICO_ESTABILIZADOR,23344
2016,8,2,CRIANCA_ADOLESCENTE,ANSIOLITICO,29091
2016,8,2,CRIANCA_ADOLESCENTE,ANTIDEPRESSIVO,32757
2016,8,2,CRIANCA_ADOLESCENTE,ANTIPSICÓTICO_ESTABILIZADOR,10691
2016,8,2,IDOSO,ANSIOLITICO,37190
2016,8,2,IDOSO,ANTIDEPRESSIVO,27452
2016,8,2,IDOSO,ANTIPSICÓTICO_ESTABILIZADOR,8694
2016,8,2,JOVEM_ADULTO,ANSIOLITICO,2579
2016,8,2,JOVEM_ADULTO,ANTIDEPRESSIVO,3733
2016,8,2,JOVEM_ADULTO,ANTIPSICÓTICO_ESTABILIZADOR,1666
2016,9,1,ADULTO_TRABALHADOR,ANSIOLITICO,37039
2016,9,1,ADULTO_TRABALHADOR,ANTIDEPRESSIVO,32055
2016,9,1,ADULTO_TRABALHADOR,ANTIPSICÓTICO_ESTABILIZADOR,18178
2016,9,1,CRIANCA_ADOLESCENTE,ANSIOLITICO,31253
2016,9,1,CRIANCA_ADOLESCENTE,ANTIDEPRESSIVO,31879
2016,9,1,CRIANCA_ADOLESCENTE,ANTIPSICÓTICO_ESTABILIZADOR,16536
2016,9,1,IDOSO,ANSIOLITICO,20363
2016,9,1,IDOSO,ANTIDEPRESSIVO,13333
2016,9,1,IDOSO,ANTIPSICÓTICO_ESTABILIZADOR,7017
2016,9,1,JOVEM_ADULTO,ANSIOLITICO,1664
2016,9,1,JOVEM_ADULTO,ANTIDEPRESSIVO,1852
2016,9,1,JOVEM_ADULTO,ANTIPSICÓTICO_ESTABILIZADOR,1814
2016,9,2,ADULTO_TRABALHADOR,ANSIOLITICO,74986
2016,9,2,ADULTO_TRABALHADOR,ANTIDEPRESSIVO,71974
2016,9,2,ADULTO_TRABALHADOR,ANTIPSICÓTICO_ESTABILIZADOR,22981
2016,9,2,CRIANCA_ADOLESCENTE,ANSIOLITICO,26997
2016,9,2,CRIANCA_ADOLESCENTE,ANTIDEPRESSIVO,32660
2016,9,2,CRIANCA_ADOLESCENTE,ANTIPSICÓTICO_ESTABILIZADOR,10523
2016,9,2,IDOSO,ANSIOLITICO,36224
2016,9,2,IDOSO,ANTIDEPRESSIVO,26118
2016,9,2,IDOSO,ANTIPSICÓTICO_ESTABILIZADOR,8617
2016,9,2,JOVEM_ADULTO,ANSIOLITICO,2416
2016,9,2,JOVEM_ADULTO,ANTIDEPRESSIVO,3586
2016,9,2,JOVEM_ADULTO,ANTIPSICÓTICO_ESTABILIZADOR,1513
2016,10,1,ADULTO_TRABALHADOR,ANSIOLITICO,36469
2016,10,1,ADULTO_TRABALHADOR,ANTIDEPRESSIVO,32257
2016,10,1,ADULTO_TRABALHADOR,ANTIPSICÓTICO_ESTABILIZADOR,18206
2016,10,1,CRIANCA_ADOLESCENTE,ANSIOLITICO,32225
2016,10,1,CRIANCA_ADOLESCENTE,ANTIDEPRESSIVO,32202
2016,10,1,CRIANCA_ADOLESCENTE,ANTIPSICÓTICO_ESTABILIZADOR,16887
2016,10,1,IDOSO,ANSIOLITICO,19899
2016,10,1,IDOSO,ANTIDEPRESSIVO,13412
2016,10,1,IDOSO,ANTIPSICÓTICO_ESTABILIZADOR,6750
2016,10,1,JOVEM_ADULTO,ANSIOLITICO,1796
2016,10,1,JOVEM_ADULTO,ANTIDEPRESSIVO,1982
2016,10,1,JOVEM_ADULTO,ANTIPSICÓTICO_ESTABILIZADOR,1955
2016,10,2,ADULTO_TRABALHADOR,ANSIOLITICO,74100
2016,10,2,ADULTO_TRABALHADOR,ANTIDEPRESSIVO,73197
2016,10,2,ADULTO_TRABALHADOR,ANTIPSICÓTICO_ESTABILIZADOR,22168
2016,10,2,CRIANCA_ADOLESCENTE,ANSIOLITICO,27304
2016,10,2,CRIANCA_ADOLESCENTE,ANTIDEPRESSIVO,32439
2016,10,2,CRIANCA_ADOLESCENTE,ANTIPSICÓTICO_ESTABILIZADOR,10116
2016,10,2,IDOSO,ANSIOLITICO,35655
2016,10,2,IDOSO,ANTIDEPRESSIVO,26226
2016,10,2,IDOSO,ANTIPSICÓTICO_ESTABILIZADOR,8322
2016,10,2,JOVEM_ADULTO,ANSIOLITICO,2690
2016,10,2,JOVEM_ADULTO,ANTIDEPRESSIVO,3917
2016,10,2,JOVEM_ADULTO,ANTIPSICÓTICO_ESTABILIZADOR,1653
2016,11,1,ADULTO_TRABALHADOR,ANSIOLITICO,37353
2016,11,1,ADULTO_TRABALHADOR,ANTIDEPRESSIVO,32356
2016,11,1,ADULTO_TRABALHADOR,ANTIPSICÓTICO_ESTABILIZADOR,19284
2016,11,1,CRIANCA_ADOLESCENTE,ANSIOLITICO,31481
2016,11,1,CRIANCA_ADOLESCENTE,ANTIDEPRESSIVO,32507
2016,11,1,CRIANCA_ADOLESCENTE,ANTIPSICÓTICO_ESTABILIZADOR,17148
2016,11,1,IDOSO,ANSIOLITICO,20435
2016,11,1,IDOSO,ANTIDEPRESSIVO,13991
2016,11,1,IDOSO,ANTIPSICÓTICO_ESTABILIZADOR,7153
2016,11,1,JOVEM_ADULTO,ANSIOLITICO,1858
2016,11,1,JOVEM_ADULTO,ANTIDEPRESSIVO,1981
2016,11,1,JOVEM_ADULTO,ANTIPSICÓTICO_ESTABILIZADOR,2091
2016,11,2,ADULTO_TRABALHADOR,ANSIOLITICO,74599
2016,11,2,ADULTO_TRABALHADOR,ANTIDEPRESSIVO,73844
2016,11,2,ADULTO_TRABALHADOR,ANTIPSICÓTICO_ESTABILIZADOR,23265
2016,11,2,CRIANCA_ADOLESCENTE,ANSIOLITICO,27522
2016,11,2,CRIANCA_ADOLESCENTE,ANTIDEPRESSIVO,32318
2016,11,2,CRIANCA_ADOLESCENTE,ANTIPSICÓTICO_ESTABILIZADOR,10581
2016,11,2,IDOSO,ANSIOLITICO,36389
2016,11,2,IDOSO,ANTIDEPRESSIVO,26886
2016,11,2,IDOSO,ANTIPSICÓTICO_ESTABILIZADOR,8863
2016,11,2,JOVEM_ADULTO,ANSIOLITICO,2468
2016,11,2,JOVEM_ADULTO,ANTIDEPRESSIVO,3619
2016,11,2,JOVEM_ADULTO,ANTIPSICÓTICO_ESTABILIZADOR,1582
2016,12,1,ADULTO_TRABALHADOR,ANSIOLITICO,41241
2016,12,1,ADULTO_TRABALHADOR,ANTIDEPRESSIVO,36470
2016,12,1,ADULTO_TRABALHADOR,ANTIPSICÓTICO_ESTABILIZADOR,21101
2016,12,1,CRIANCA_ADOLESCENTE,ANSIOLITICO,32771
2016,12,1,CRIANCA_ADOLESCENTE,ANTIDEPRESSIVO,33834
2016,12,1,CRIANCA_ADOLESCENTE,ANTIPSICÓTICO_ESTABILIZADOR,19298
2016,12,1,IDOSO,ANSIOLITICO,22536
2016,12,1,IDOSO,ANTIDEPRESSIVO,15052
2016,12,1,IDOSO,ANTIPSICÓTICO_ESTABILIZADOR,7948
2016,12,1,JOVEM_ADULTO,ANSIOLITICO,2226
2016,12,1,JOVEM_ADULTO,ANTIDEPRESSIVO,2275
2016,12,1,JOVEM_ADULTO,ANTIPSICÓTICO_ESTABILIZADOR,2448
2016,12,2,ADULTO_TRABALHADOR,ANSIOLITICO,82383
2016,12,2,ADULTO_TRABALHADOR,ANTIDEPRESSIVO,82555
2016,12,2,ADULTO_TRABALHADOR,ANTIPSICÓTICO_ESTABILIZADOR,26589
2016,12,2,CRIANCA_ADOLESCENTE,ANSIOLITICO,28971
2016,12,2,CRIANCA_ADOLESCENTE,ANTIDEPRESSIVO,34400
2016,12,2,CRIANCA_ADOLESCENTE,ANTIPSICÓTICO_ESTABILIZADOR,11798
2016,12,2,IDOSO,ANSIOLITICO,40916
2016,12,2,IDOSO,ANTIDEPRESSIVO,30274
2016,12,2,IDOSO,ANTIPSICÓTICO_ESTABILIZADOR,9529
2016,12,2,JOVEM_ADULTO,ANSIOLITICO,2856
2016,12,2,JOVEM_ADULTO,ANTIDEPRESSIVO,3981
2016,12,2,JOVEM_ADULTO,ANTIPSICÓTICO_ESTABILIZADOR,1855
2017,1,1,ADULTO_TRABALHADOR,ANSIOLITICO,38838
2017,1,1,ADULTO_TRABALHADOR,ANTIDEPRESSIVO,33456
2017,1,1,ADULTO_TRABALHADOR,ANTIPSICÓTICO_ESTABILIZADOR,19777
2017,1,1,CRIANCA_ADOLESCENTE,ANSIOLITICO,29221
2017,1,1,CRIANCA_ADOLESCENTE,ANTIDEPRESSIVO,31189
2017,1,1,CRIANCA_ADOLESCENTE,ANTIPSICÓTICO_ESTABILIZADOR,16893
2017,1,1,IDOSO,ANSIOLITICO,21374
2017,1,1,IDOSO,ANTIDEPRESSIVO,14904
2017,1,1,IDOSO,ANTIPSICÓTICO_ESTABILIZADOR,8307
2017,1,1,JOVEM_ADULTO,ANSIOLITICO,1841
2017,1,1,JOVEM_ADULTO,ANTIDEPRESSIVO,2070
2017,1,1,JOVEM_ADULTO,ANTIPSICÓTICO_ESTABILIZADOR,2069
2017,1,2,ADULTO_TRABALHADOR,ANSIOLITICO,74971
2017,1,2,ADULTO_TRABALHADOR,ANTIDEPRESSIVO,74356
2017,1,2,ADULTO_TRABALHADOR,ANTIPSICÓTICO_ESTABILIZADOR,23729
2017,1,2,CRIANCA_ADOLESCENTE,ANSIOLITICO,24549
2017,1,2,CRIANCA_ADOLESCENTE,ANTIDEPRESSIVO,29328
2017,1,2,CRIANCA_ADOLESCENTE,ANTIPSICÓTICO_ESTABILIZADOR,9844
2017,1,2,IDOSO,ANSIOLITICO,37416
2017,1,2,IDOSO,ANTIDEPRESSIVO,29072
2017,1,2,IDOSO,ANTIPSICÓTICO_ESTABILIZADOR,9656
2017,1,2,JOVEM_ADULTO,ANSIOLITICO,2502
2017,1,2,JOVEM_ADULTO,ANTIDEPRESSIVO,3671
2017,1,2,JOVEM_ADULTO,ANTIPSICÓTICO_ESTABILIZADOR,1890
2017,2,1,ADULTO_TRABALHADOR,ANSIOLITICO,36269
2017,2,1,ADULTO_TRABALHADOR,ANTIDEPRESSIVO,31739
2017,2,1,ADULTO_TRABALHADOR,ANTIPSICÓTICO_ESTABILIZADOR,18675
2017,2,1,CRIANCA_ADOLESCENTE,ANSIOLITICO,27985
2017,2,1,CRIANCA_ADOLESCENTE,ANTIDEPRESSIVO,29669
2017,2,1,CRIANCA_ADOLESCENTE,ANTIPSICÓTICO_ESTABILIZADOR,16204
2017,2,1,IDOSO,ANSIOLITICO,20624
2017,2,1,IDOSO,ANTIDEPRESSIVO,14062
2017,2,1,IDOSO,ANTIPSICÓTICO_ESTABILIZADOR,7313
2017,2,1,JOVEM_ADULTO,ANSIOLITICO,1707
2017,2,1,JOVEM_ADULTO,ANTIDEPRESSIVO,2006
2017,2,1,JOVEM_ADULTO,ANTIPSICÓTICO_ESTABILIZADOR,1891
2017,2,2,ADULTO_TRABALHADOR,ANSIOLITICO,72346
2017,2,2,ADULTO_TRABALHADOR,ANTIDEPRESSIVO,72482
2017,2,2,ADULTO_TRABALHADOR,ANTIPSICÓTICO_ESTABILIZADOR,23057
2017,2,2,CRIANCA_ADOLESCENTE,ANSIOLITICO,24340
2017,2,2,CRIANCA_ADOLESCENTE,ANTIDEPRESSIVO,28859
2017,2,2,CRIANCA_ADOLESCENTE,ANTIPSICÓTICO_ESTABILIZADOR,9758
2017,2,2,IDOSO,ANSIOLITICO,34546
2017,2,2,IDOSO,ANTIDEPRESSIVO,27070
2017,2,2,IDOSO,ANTIPSICÓTICO_ESTABILIZADOR,8294
2017,2,2,JOVEM_ADULTO,ANSIOLITICO,2408
2017,2,2,JOVEM_ADULTO,ANTIDEPRESSIVO,3461
2017,2,2,JOVEM_ADULTO,ANTIPSICÓTICO_ESTABILIZADOR,1538
2017,3,1,ADULTO_TRABALHADOR,ANSIOLITICO,42856
2017,3,1,ADULTO_TRABALHADOR,ANTIDEPRESSIVO,38389
2017,3,1,ADULTO_TRABALHADOR,ANTIPSICÓTICO_ESTABILIZADOR,21537
2017,3,1,CRIANCA_ADOLESCENTE,ANSIOLITICO,30995
2017,3,1,CRIANCA_ADOLESCENTE,ANTIDEPRESSIVO,34536
2017,3,1,CRIANCA_ADOLESCENTE,ANTIPSICÓTICO_ESTABILIZADOR,18113
2017,3,1,IDOSO,ANSIOLITICO,23530
2017,3,1,IDOSO,ANTIDEPRESSIVO,16811
2017,3,1,IDOSO,ANTIPSICÓTICO_ESTABILIZADOR,8195
2017,3,1,JOVEM_ADULTO,ANSIOLITICO,2099
2017,3,1,JOVEM_ADULTO,ANTIDEPRESSIVO,2330
2017,3,1,JOVEM_ADULTO,ANTIPSICÓTICO_ESTABILIZADOR,2418
2017,3,2,ADULTO_TRABALHADOR,ANSIOLITICO,83698
2017,3,2,ADULTO_TRABALHADOR,ANTIDEPRESSIVO,85213
2017,3,2,ADULTO_TRABALHADOR,ANTIPSICÓTICO_ESTABILIZADOR,26527
2017,3,2,CRIANCA_ADOLESCENTE,ANSIOLITICO,27464
2017,3,2,CRIANCA_ADOLESCENTE,ANTIDEPRESSIVO,33810
2017,3,2,CRIANCA_ADOLESCENTE,ANTIPSICÓTICO_ESTABILIZADOR,11167
2017,3,2,IDOSO,ANSIOLITICO,40841
2017,3,2,IDOSO,ANTIDEPRESSIVO,32071
2017,3,2,IDOSO,ANTIPSICÓTICO_ESTABILIZADOR,10051
2017,3,2,JOVEM_ADULTO,ANSIOLITICO,2885
2017,3,2,JOVEM_ADULTO,ANTIDEPRESSIVO,4102
2017,3,2,JOVEM_ADULTO,ANTIPSICÓTICO_ESTABILIZADOR,1781
2017,4,1,ADULTO_TRABALHADOR,ANSIOLITICO,38939
2017,4,1,ADULTO_TRABALHADOR,ANTIDEPRESSIVO,33649
2017,4,1,ADULTO_TRABALHADOR,ANTIPSICÓTICO_ESTABILIZADOR,18934
2017,4,1,CRIANCA_ADOLESCENTE,ANSIOLITICO,28986
2017,4,1,CRIANCA_ADOLESCENTE,ANTIDEPRESSIVO,30950
2017,4,1,CRIANCA_ADOLESCENTE,ANTIPSICÓTICO_ESTABILIZADOR,16584
2017,4,1,IDOSO,ANSIOLITICO,21660
2017,4,1,IDOSO,ANTIDEPRESSIVO,15081
2017,4,1,IDOSO,ANTIPSICÓTICO_ESTABILIZADOR,7497
2017,4,1,JOVEM_ADULTO,ANSIOLITICO,1956
2017,4,1,JOVEM_ADULTO,ANTIDEPRESSIVO,2120
2017,4,1,JOVEM_ADULTO,ANTIPSICÓTICO_ESTABILIZADOR,2183
2017,4,2,ADULTO_TRABALHADOR,ANSIOLITICO,74536
2017,4,2,ADULTO_TRABALHADOR,ANTIDEPRESSIVO,74260
2017,4,2,ADULTO_TRABALHADOR,ANTIPSICÓTICO_ESTABILIZADOR,23179
2017,4,2,CRIANCA_ADOLESCENTE,ANSIOLITICO,24793
2017,4,2,CRIANCA_ADOLESCENTE,ANTIDEPRESSIVO,29936
2017,4,2,CRIANCA_ADOLESCENTE,ANTIPSICÓTICO_ESTABILIZADOR,10324
2017,4,2,IDOSO,ANSIOLITICO,36164
2017,4,2,IDOSO,ANTIDEPRESSIVO,27827
2017,4,2,IDOSO,ANTIPSICÓTICO_ESTABILIZADOR,8513
2017,4,2,JOVEM_ADULTO,ANSIOLITICO,2837
2017,4,2,JOVEM_ADULTO,ANTIDEPRESSIVO,3858
2017,4,2,JOVEM_ADULTO,ANTIPSICÓTICO_ESTABILIZADOR,1670
2017,5,1,ADULTO_TRABALHADOR,ANSIOLITICO,42112
2017,5,1,ADULTO_TRABALHADOR,ANTIDEPRESSIVO,36374
2017,5,1,ADULTO_TRABALHADOR,ANTIPSICÓTICO_ESTABILIZADOR,20011
2017,5,1,CRIANCA_ADOLESCENTE,ANSIOLITICO,34180
2017,5,1,CRIANCA_ADOLESCENTE,ANTIDEPRESSIVO,35832
2017,5,1,CRIANCA_ADOLESCENTE,ANTIPSICÓTICO_ESTABILIZADOR,18217
2017,5,1,IDOSO,ANSIOLITICO,24131
2017,5,1,IDOSO,ANTIDEPRESSIVO,16895
2017,5,1,IDOSO,ANTIPSICÓTICO_ESTABILIZADOR,8293
2017,5,1,JOVEM_ADULTO,ANSIOLITICO,2291
2017,5,1,JOVEM_ADULTO,ANTIDEPRESSIVO,2337
2017,5,1,JOVEM_ADULTO,ANTIPSICÓTICO_ESTABILIZADOR,2385
2017,5,2,ADULTO_TRABALHADOR,ANSIOLITICO,82305
2017,5,2,ADULTO_TRABALHADOR,ANTIDEPRESSIVO,81990
2017,5,2,ADULTO_TRABALHADOR,ANTIPSICÓTICO_ESTABILIZADOR,25235
2017,5,2,CRIANCA_ADOLESCENTE,ANSIOLITICO,28952
2017,5,2,CRIANCA_ADOLESCENTE,ANTIDEPRESSIVO,33946
2017,5,2,CRIANCA_ADOLESCENTE,ANTIPSICÓTICO_ESTABILIZADOR,11295
2017,5,2,IDOSO,ANSIOLITICO,39437
2017,5,2,IDOSO,ANTIDEPRESSIVO,30974
2017,5,2,IDOSO,ANTIPSICÓTICO_ESTABILIZADOR,9964
2017,5,2,JOVEM_ADULTO,ANSIOLITICO,3013
2017,5,2,JOVEM_ADULTO,ANTIDEPRESSIVO,4396
2017,5,2,JOVEM_ADULTO,ANTIPSICÓTICO_ESTABILIZADOR,1695
2017,6,1,ADULTO_TRABALHADOR,ANSIOLITICO,41131
2017,6,1,ADULTO_TRABALHADOR,ANTIDEPRESSIVO,34480
2017,6,1,ADULTO_TRABALHADOR,ANTIPSICÓTICO_ESTABILIZADOR,18707
2017,6,1,CRIANCA_ADOLESCENTE,ANSIOLITICO,30735
2017,6,1,CRIANCA_ADOLESCENTE,ANTIDEPRESSIVO,203017
2017,6,1,CRIANCA_ADOLESCENTE,ANTIPSICÓTICO_ESTABILIZADOR,17324
2017,6,1,IDOSO,ANSIOLITICO,23219
2017,6,1,IDOSO,ANTIDEPRESSIVO,15930
2017,6,1,IDOSO,ANTIPSICÓTICO_ESTABILIZADOR,7853
2017,6,1,JOVEM_ADULTO,ANSIOLITICO,1954
2017,6,1,JOVEM_ADULTO,ANTIDEPRESSIVO,2336
2017,6,1,JOVEM_ADULTO,ANTIPSICÓTICO_ESTABILIZADOR,2147
2017,6,2,ADULTO_TRABALHADOR,ANSIOLITICO,78308
2017,6,2,ADULTO_TRABALHADOR,ANTIDEPRESSIVO,77417
2017,6,2,ADULTO_TRABALHADOR,ANTIPSICÓTICO_ESTABILIZADOR,23171
2017,6,2,CRIANCA_ADOLESCENTE,ANSIOLITICO,25727
2017,6,2,CRIANCA_ADOLESCENTE,ANTIDEPRESSIVO,30815
2017,6,2,CRIANCA_ADOLESCENTE,ANTIPSICÓTICO_ESTABILIZADOR,9990
2017,6,2,IDOSO,ANSIOLITICO,37997
2017,6,2,IDOSO,ANTIDEPRESSIVO,29318
2017,6,2,IDOSO,ANTIPSICÓTICO_ESTABILIZADOR,9081
2017,6,2,JOVEM_ADULTO,ANSIOLITICO,2853
2017,6,2,JOVEM_ADULTO,ANTIDEPRESSIVO,3917
2017,6,2,JOVEM_ADULTO,ANTIPSICÓTICO_ESTABILIZADOR,1688
2017,7,1,ADULTO_TRABALHADOR,ANSIOLITICO,40789
2017,7,1,ADULTO_TRABALHADOR,ANTIDEPRESSIVO,34420
2017,7,1,ADULTO_TRABALHADOR,ANTIPSICÓTICO_ESTABILIZADOR,19601
2017,7,1,CRIANCA_ADOLESCENTE,ANSIOLITICO,28109
2017,7,1,CRIANCA_ADOLESCENTE,ANTIDEPRESSIVO,28191
2017,7,1,CRIANCA_ADOLESCENTE,ANTIPSICÓTICO_ESTABILIZADOR,15458
2017,7,1,IDOSO,ANSIOLITICO,23038
2017,7,1,IDOSO,ANTIDEPRESSIVO,15630
2017,7,1,IDOSO,ANTIPSICÓTICO_ESTABILIZADOR,8247
2017,7,1,JOVEM_ADULTO,ANSIOLITICO,2033
2017,7,1,JOVEM_ADULTO,ANTIDEPRESSIVO,2317
2017,7,1,JOVEM_ADULTO,ANTIPSICÓTICO_ESTABILIZADOR,2078
2017,7,2,ADULTO_TRABALHADOR,ANSIOLITICO,78352
2017,7,2,ADULTO_TRABALHADOR,ANTIDEPRESSIVO,76385
2017,7,2,ADULTO_TRABALHADOR,ANTIPSICÓTICO_ESTABILIZADOR,23799
2017,7,2,CRIANCA_ADOLESCENTE,ANSIOLITICO,21619
2017,7,2,CRIANCA_ADOLESCENTE,ANTIDEPRESSIVO,24603
2017,7,2,CRIANCA_ADOLESCENTE,ANTIPSICÓTICO_ESTABILIZADOR,8906
2017,7,2,IDOSO,ANSIOLITICO,38384
2017,7,2,IDOSO,ANTIDEPRESSIVO,28640
2017,7,2,IDOSO,ANTIPSICÓTICO_ESTABILIZADOR,9111
2017,7,2,JOVEM_ADULTO,ANSIOLITICO,2798
2017,7,2,JOVEM_ADULTO,ANTIDEPRESSIVO,3789
2017,7,2,JOVEM_ADULTO,ANTIPSICÓTICO_ESTABILIZADOR,1795
2017,8,1,ADULTO_TRABALHADOR,ANSIOLITICO,44089
2017,8,1,ADULTO_TRABALHADOR,ANTIDEPRESSIVO,38930
2017,8,1,ADULTO_TRABALHADOR,ANTIPSICÓTICO_ESTABILIZADOR,20871
2017,8,1,CRIANCA_ADOLESCENTE,ANSIOLITICO,32762
2017,8,1,CRIANCA_ADOLESCENTE,ANTIDEPRESSIVO,34646
2017,8,1,CRIANCA_ADOLESCENTE,ANTIPSICÓTICO_ESTABILIZADOR,18188
2017,8,1,IDOSO,ANSIOLITICO,25053
2017,8,1,IDOSO,ANTIDEPRESSIVO,17135
2017,8,1,IDOSO,ANTIPSICÓTICO_ESTABILIZADOR,8840
2017,8,1,JOVEM_ADULTO,ANSIOLITICO,2109
2017,8,1,JOVEM_ADULTO,ANTIDEPRESSIVO,2510
2017,8,1,JOVEM_ADULTO,ANTIPSICÓTICO_ESTABILIZADOR,2218
2017,8,2,ADULTO_TRABALHADOR,ANSIOLITICO,84253
2017,8,2,ADULTO_TRABALHADOR,ANTIDEPRESSIVO,85561
2017,8,2,ADULTO_TRABALHADOR,ANTIPSICÓTICO_ESTABILIZADOR,25460
2017,8,2,CRIANCA_ADOLESCENTE,ANSIOLITICO,27741
2017,8,2,CRIANCA_ADOLESCENTE,ANTIDEPRESSIVO,33978
2017,8,2,CRIANCA_ADOLESCENTE,ANTIPSICÓTICO_ESTABILIZADOR,10947
2017,8,2,IDOSO,ANSIOLITICO,40799
2017,8,2,IDOSO,ANTIDEPRESSIVO,31913
2017,8,2,IDOSO,ANTIPSICÓTICO_ESTABILIZADOR,10103
2017,8,2,JOVEM_ADULTO,ANSIOLITICO,2697
2017,8,2,JOVEM_ADULTO,ANTIDEPRESSIVO,4245
2017,8,2,JOVEM_ADULTO,ANTIPSICÓTICO_ESTABILIZADOR,1879
2017,9,1,ADULTO_TRABALHADOR,ANSIOLITICO,40966
2017,9,1,ADULTO_TRABALHADOR,ANTIDEPRESSIVO,36422
2017,9,1,ADULTO_TRABALHADOR,ANTIPSICÓTICO_ESTABILIZADOR,20102
2017,9,1,CRIANCA_ADOLESCENTE,ANSIOLITICO,31174
2017,9,1,CRIANCA_ADOLESCENTE,ANTIDEPRESSIVO,35666
2017,9,1,CRIANCA_ADOLESCENTE,ANTIPSICÓTICO_ESTABILIZADOR,17498
2017,9,1,IDOSO,ANSIOLITICO,23058
2017,9,1,IDOSO,ANTIDEPRESSIVO,16582
2017,9,1,IDOSO,ANTIPSICÓTICO_ESTABILIZADOR,8314
2017,9,1,JOVEM_ADULTO,ANSIOLITICO,2064
2017,9,1,JOVEM_ADULTO,ANTIDEPRESSIVO,2461
2017,9,1,JOVEM_ADULTO,ANTIPSICÓTICO_ESTABILIZADOR,2273
2017,9,2,ADULTO_TRABALHADOR,ANSIOLITICO,80770
2017,9,2,ADULTO_TRABALHADOR,ANTIDEPRESSIVO,81568
2017,9,2,ADULTO_TRABALHADOR,ANTIPSICÓTICO_ESTABILIZADOR,25005
2017,9,2,CRIANCA_ADOLESCENTE,ANSIOLITICO,26649
2017,9,2,CRIANCA_ADOLESCENTE,ANTIDEPRESSIVO,32955
2017,9,2,CRIANCA_ADOLESCENTE,ANTIPSICÓTICO_ESTABILIZADOR,10879
2017,9,2,IDOSO,ANSIOLITICO,39103
2017,9,2,IDOSO,ANTIDEPRESSIVO,30554
2017,9,2,IDOSO,ANTIPSICÓTICO_ESTABILIZADOR,9609
2017,9,2,JOVEM_ADULTO,ANSIOLITICO,2743
2017,9,2,JOVEM_ADULTO,ANTIDEPRESSIVO,4464
2017,9,2,JOVEM_ADULTO,ANTIPSICÓTICO_ESTABILIZADOR,1933
2017,10,1,ADULTO_TRABALHADOR,ANSIOLITICO,42277
2017,10,1,ADULTO_TRABALHADOR,ANTIDEPRESSIVO,37494
2017,10,1,ADULTO_TRABALHADOR,ANTIPSICÓTICO_ESTABILIZADOR,20852
2017,10,1,CRIANCA_ADOLESCENTE,ANSIOLITICO,31530
2017,10,1,CRIANCA_ADOLESCENTE,ANTIDEPRESSIVO,33131
2017,10,1,CRIANCA_ADOLESCENTE,ANTIPSICÓTICO_ESTABILIZADOR,18109
2017,10,1,IDOSO,ANSIOLITICO,22840
2017,10,1,IDOSO,ANTIDEPRESSIVO,16721
2017,10,1,IDOSO,ANTIPSICÓTICO_ESTABILIZADOR,8514
2017,10,1,JOVEM_ADULTO,ANSIOLITICO,2165
2017,10,1,JOVEM_ADULTO,ANTIDEPRESSIVO,2412
2017,10,1,JOVEM_ADULTO,ANTIPSICÓTICO_ESTABILIZADOR,2164
2017,10,2,ADULTO_TRABALHADOR,ANSIOLITICO,81114
2017,10,2,ADULTO_TRABALHADOR,ANTIDEPRESSIVO,84080
2017,10,2,ADULTO_TRABALHADOR,ANTIPSICÓTICO_ESTABILIZADOR,25250
2017,10,2,CRIANCA_ADOLESCENTE,ANSIOLITICO,27714
2017,10,2,CRIANCA_ADOLESCENTE,ANTIDEPRESSIVO,34746
2017,10,2,CRIANCA_ADOLESCENTE,ANTIPSICÓTICO_ESTABILIZADOR,11299
2017,10,2,IDOSO,ANSIOLITICO,38905
2017,10,2,IDOSO,ANTIDEPRESSIVO,30927
2017,10,2,IDOSO,ANTIPSICÓTICO_ESTABILIZADOR,9791
2017,10,2,JOVEM_ADULTO,ANSIOLITICO,2836
2017,10,2,JOVEM_ADULTO,ANTIDEPRESSIVO,4468
2017,10,2,JOVEM_ADULTO,ANTIPSICÓTICO_ESTABILIZADOR,1886
2017,11,1,ADULTO_TRABALHADOR,ANSIOLITICO,43075
2017,11,1,ADULTO_TRABALHADOR,ANTIDEPRESSIVO,38727
2017,11,1,ADULTO_TRABALHADOR,ANTIPSICÓTICO_ESTABILIZADOR,21124
2017,11,1,CRIANCA_ADOLESCENTE,ANSIOLITICO,32299
2017,11,1,CRIANCA_ADOLESCENTE,ANTIDEPRESSIVO,35266
2017,11,1,CRIANCA_ADOLESCENTE,ANTIPSICÓTICO_ESTABILIZADOR,18964
2017,11,1,IDOSO,ANSIOLITICO,23002
2017,11,1,IDOSO,ANTIDEPRESSIVO,17663
2017,11,1,IDOSO,ANTIPSICÓTICO_ESTABILIZADOR,8566
2017,11,1,JOVEM_ADULTO,ANSIOLITICO,1861
2017,11,1,JOVEM_ADULTO,ANTIDEPRESSIVO,2499
2017,11,1,JOVEM_ADULTO,ANTIPSICÓTICO_ESTABILIZADOR,2128
2017,11,2,ADULTO_TRABALHADOR,ANSIOLITICO,85389
2017,11,2,ADULTO_TRABALHADOR,ANTIDEPRESSIVO,88520
2017,11,2,ADULTO_TRABALHADOR,ANTIPSICÓTICO_ESTABILIZADOR,26575
2017,11,2,CRIANCA_ADOLESCENTE,ANSIOLITICO,28482
2017,11,2,CRIANCA_ADOLESCENTE,ANTIDEPRESSIVO,34526
2017,11,2,CRIANCA_ADOLESCENTE,ANTIPSICÓTICO_ESTABILIZADOR,11323
2017,11,2,IDOSO,ANSIOLITICO,38785
2017,11,2,IDOSO,ANTIDEPRESSIVO,32279
2017,11,2,IDOSO,ANTIPSICÓTICO_ESTABILIZADOR,9726
2017,11,2,JOVEM_ADULTO,ANSIOLITICO,2931
2017,11,2,JOVEM_ADULTO,ANTIDEPRESSIVO,4675
2017,11,2,JOVEM_ADULTO,ANTIPSICÓTICO_ESTABILIZADOR,1861
2017,12,1,ADULTO_TRABALHADOR,ANSIOLITICO,44473
2017,12,1,ADULTO_TRABALHADOR,ANTIDEPRESSIVO,40099
2017,12,1,ADULTO_TRABALHADOR,ANTIPSICÓTICO_ESTABILIZADOR,22026
2017,12,1,CRIANCA_ADOLESCENTE,ANSIOLITICO,33873
2017,12,1,CRIANCA_ADOLESCENTE,ANTIDEPRESSIVO,37191
2017,12,1,CRIANCA_ADOLESCENTE,ANTIPSICÓTICO_ESTABILIZADOR,19927
2017,12,1,IDOSO,ANSIOLITICO,23849
2017,12,1,IDOSO,ANTIDEPRESSIVO,17751
2017,12,1,IDOSO,ANTIPSICÓTICO_ESTABILIZADOR,9001
2017,12,1,JOVEM_ADULTO,ANSIOLITICO,1938
2017,12,1,JOVEM_ADULTO,ANTIDEPRESSIVO,2534
2017,12,1,JOVEM_ADULTO,ANTIPSICÓTICO_ESTABILIZADOR,2464
2017,12,2,ADULTO_TRABALHADOR,ANSIOLITICO,86720
2017,12,2,ADULTO_TRABALHADOR,ANTIDEPRESSIVO,90677
2017,12,2,ADULTO_TRABALHADOR,ANTIPSICÓTICO_ESTABILIZADOR,27613
2017,12,2,CRIANCA_ADOLESCENTE,ANSIOLITICO,29937
2017,12,2,CRIANCA_ADOLESCENTE,ANTIDEPRESSIVO,37485
2017,12,2,CRIANCA_ADOLESCENTE,ANTIPSICÓTICO_ESTABILIZADOR,12177
2017,12,2,IDOSO,ANSIOLITICO,39829
2017,12,2,IDOSO,ANTIDEPRESSIVO,33830
2017,12,2,IDOSO,ANTIPSICÓTICO_ESTABILIZADOR,10533
2017,12,2,JOVEM_ADULTO,ANSIOLITICO,2779
2017,12,2,JOVEM_ADULTO,ANTIDEPRESSIVO,4836
2017,12,2,JOVEM_ADULTO,ANTIPSICÓTICO_ESTABILIZADOR,2008
2018,1,1,ADULTO_TRABALHADOR,ANSIOLITICO,40616
2018,1,1,ADULTO_TRABALHADOR,ANTIDEPRESSIVO,37946
2018,1,1,ADULTO_TRABALHADOR,ANTIPSICÓTICO_ESTABILIZADOR,20587
2018,1,1,CRIANCA_ADOLESCENTE,ANSIOLITICO,31299
2018,1,1,CRIANCA_ADOLESCENTE,ANTIDEPRESSIVO,34366
2018,1,1,CRIANCA_ADOLESCENTE,ANTIPSICÓTICO_ESTABILIZADOR,18137
2018,1,1,IDOSO,ANSIOLITICO,22915
2018,1,1,IDOSO,ANTIDEPRESSIVO,17420
2018,1,1,IDOSO,ANTIPSICÓTICO_ESTABILIZADOR,8292
2018,1,1,JOVEM_ADULTO,ANSIOLITICO,1883
2018,1,1,JOVEM_ADULTO,ANTIDEPRESSIVO,2669
2018,1,1,JOVEM_ADULTO,ANTIPSICÓTICO_ESTABILIZADOR,2206
2018,1,2,ADULTO_TRABALHADOR,ANSIOLITICO,80045
2018,1,2,ADULTO_TRABALHADOR,ANTIDEPRESSIVO,85439
2018,1,2,ADULTO_TRABALHADOR,ANTIPSICÓTICO_ESTABILIZADOR,25254
2018,1,2,CRIANCA_ADOLESCENTE,ANSIOLITICO,25804
2018,1,2,CRIANCA_ADOLESCENTE,ANTIDEPRESSIVO,33346
2018,1,2,CRIANCA_ADOLESCENTE,ANTIPSICÓTICO_ESTABILIZADOR,11356
2018,1,2,IDOSO,ANSIOLITICO,38823
2018,1,2,IDOSO,ANTIDEPRESSIVO,32443
2018,1,2,IDOSO,ANTIPSICÓTICO_ESTABILIZADOR,10272
2018,1,2,JOVEM_ADULTO,ANSIOLITICO,2743
2018,1,2,JOVEM_ADULTO,ANTIDEPRESSIVO,4745
2018,1,2,JOVEM_ADULTO,ANTIPSICÓTICO_ESTABILIZADOR,1981
2018,2,1,ADULTO_TRABALHADOR,ANSIOLITICO,37708
2018,2,1,ADULTO_TRABALHADOR,ANTIDEPRESSIVO,34976
2018,2,1,ADULTO_TRABALHADOR,ANTIPSICÓTICO_ESTABILIZADOR,18614
2018,2,1,CRIANCA_ADOLESCENTE,ANSIOLITICO,27076
2018,2,1,CRIANCA_ADOLESCENTE,ANTIDEPRESSIVO,30838
2018,2,1,CRIANCA_ADOLESCENTE,ANTIPSICÓTICO_ESTABILIZADOR,16385
2018,2,1,IDOSO,ANSIOLITICO,20380
2018,2,1,IDOSO,ANTIDEPRESSIVO,15634
2018,2,1,IDOSO,ANTIPSICÓTICO_ESTABILIZADOR,7381
2018,2,1,JOVEM_ADULTO,ANSIOLITICO,2000
2018,2,1,JOVEM_ADULTO,ANTIDEPRESSIVO,2505
2018,2,1,JOVEM_ADULTO,ANTIPSICÓTICO_ESTABILIZADOR,2108
2018,2,2,ADULTO_TRABALHADOR,ANSIOLITICO,71061
2018,2,2,ADULTO_TRABALHADOR,ANTIDEPRESSIVO,78531
2018,2,2,ADULTO_TRABALHADOR,ANTIPSICÓTICO_ESTABILIZADOR,22994
2018,2,2,CRIANCA_ADOLESCENTE,ANSIOLITICO,23365
2018,2,2,CRIANCA_ADOLESCENTE,ANTIDEPRESSIVO,31081
2018,2,2,CRIANCA_ADOLESCENTE,ANTIPSICÓTICO_ESTABILIZADOR,10313
2018,2,2,IDOSO,ANSIOLITICO,34802
2018,2,2,IDOSO,ANTIDEPRESSIVO,29904
2018,2,2,IDOSO,ANTIPSICÓTICO_ESTABILIZADOR,8847
2018,2,2,JOVEM_ADULTO,ANSIOLITICO,2655
2018,2,2,JOVEM_ADULTO,ANTIDEPRESSIVO,4279
2018,2,2,JOVEM_ADULTO,ANTIPSICÓTICO_ESTABILIZADOR,1769
2018,3,1,ADULTO_TRABALHADOR,ANSIOLITICO,41533
2018,3,1,ADULTO_TRABALHADOR,ANTIDEPRESSIVO,39518
2018,3,1,ADULTO_TRABALHADOR,ANTIPSICÓTICO_ESTABILIZADOR,20407
2018,3,1,CRIANCA_ADOLESCENTE,ANSIOLITICO,32652
2018,3,1,CRIANCA_ADOLESCENTE,ANTIDEPRESSIVO,37863
2018,3,1,CRIANCA_ADOLESCENTE,ANTIPSICÓTICO_ESTABILIZADOR,19567
2018,3,1,IDOSO,ANSIOLITICO,22860
2018,3,1,IDOSO,ANTIDEPRESSIVO,17509
2018,3,1,IDOSO,ANTIPSICÓTICO_ESTABILIZADOR,8466
2018,3,1,JOVEM_ADULTO,ANSIOLITICO,2235
2018,3,1,JOVEM_ADULTO,ANTIDEPRESSIVO,2775
2018,3,1,JOVEM_ADULTO,ANTIPSICÓTICO_ESTABILIZADOR,2417
2018,3,2,ADULTO_TRABALHADOR,ANSIOLITICO,81109
2018,3,2,ADULTO_TRABALHADOR,ANTIDEPRESSIVO,88611
2018,3,2,ADULTO_TRABALHADOR,ANTIPSICÓTICO_ESTABILIZADOR,25265
2018,3,2,CRIANCA_ADOLESCENTE,ANSIOLITICO,28707
2018,3,2,CRIANCA_ADOLESCENTE,ANTIDEPRESSIVO,37910
2018,3,2,CRIANCA_ADOLESCENTE,ANTIPSICÓTICO_ESTABILIZADOR,12117
2018,3,2,IDOSO,ANSIOLITICO,38527
2018,3,2,IDOSO,ANTIDEPRESSIVO,34193
2018,3,2,IDOSO,ANTIPSICÓTICO_ESTABILIZADOR,10381
2018,3,2,JOVEM_ADULTO,ANSIOLITICO,3158
2018,3,2,JOVEM_ADULTO,ANTIDEPRESSIVO,5223
2018,3,2,JOVEM_ADULTO,ANTIPSICÓTICO_ESTABILIZADOR,2083
2018,4,1,ADULTO_TRABALHADOR,ANSIOLITICO,42067
2018,4,1,ADULTO_TRABALHADOR,ANTIDEPRESSIVO,38435
2018,4,1,ADULTO_TRABALHADOR,ANTIPSICÓTICO_ESTABILIZADOR,19892
2018,4,1,CRIANCA_ADOLESCENTE,ANSIOLITICO,32706
2018,4,1,CRIANCA_ADOLESCENTE,ANTIDEPRESSIVO,37010
2018,4,1,CRIANCA_ADOLESCENTE,ANTIPSICÓTICO_ESTABILIZADOR,19261
2018,4,1,IDOSO,ANSIOLITICO,22578
2018,4,1,IDOSO,ANTIDEPRESSIVO,16859
2018,4,1,IDOSO,ANTIPSICÓTICO_ESTABILIZADOR,8008
2018,4,1,JOVEM_ADULTO,ANSIOLITICO,2109
2018,4,1,JOVEM_ADULTO,ANTIDEPRESSIVO,2609
2018,4,1,JOVEM_ADULTO,ANTIPSICÓTICO_ESTABILIZADOR,2255
2018,4,2,ADULTO_TRABALHADOR,ANSIOLITICO,81093
2018,4,2,ADULTO_TRABALHADOR,ANTIDEPRESSIVO,87609
2018,4,2,ADULTO_TRABALHADOR,ANTIPSICÓTICO_ESTABILIZADOR,25700
2018,4,2,CRIANCA_ADOLESCENTE,ANSIOLITICO,27685
2018,4,2,CRIANCA_ADOLESCENTE,ANTIDEPRESSIVO,36651
2018,4,2,CRIANCA_ADOLESCENTE,ANTIPSICÓTICO_ESTABILIZADOR,11725
2018,4,2,IDOSO,ANSIOLITICO,37774
2018,4,2,IDOSO,ANTIDEPRESSIVO,32891
2018,4,2,IDOSO,ANTIPSICÓTICO_ESTABILIZADOR,9835
2018,4,2,JOVEM_ADULTO,ANSIOLITICO,2931
2018,4,2,JOVEM_ADULTO,ANTIDEPRESSIVO,4825
2018,4,2,JOVEM_ADULTO,ANTIPSICÓTICO_ESTABILIZADOR,1834
2018,5,1,ADULTO_TRABALHADOR,ANSIOLITICO,42865
2018,5,1,ADULTO_TRABALHADOR,ANTIDEPRESSIVO,39670
2018,5,1,ADULTO_TRABALHADOR,ANTIPSICÓTICO_ESTABILIZADOR,21584
2018,5,1,CRIANCA_ADOLESCENTE,ANSIOLITICO,31208
2018,5,1,CRIANCA_ADOLESCENTE,ANTIDEPRESSIVO,34783
2018,5,1,CRIANCA_ADOLESCENTE,ANTIPSICÓTICO_ESTABILIZADOR,18853
2018,5,1,IDOSO,ANSIOLITICO,23681
2018,5,1,IDOSO,ANTIDEPRESSIVO,17664
2018,5,1,IDOSO,ANTIPSICÓTICO_ESTABILIZADOR,8504
2018,5,1,JOVEM_ADULTO,ANSIOLITICO,2368
2018,5,1,JOVEM_ADULTO,ANTIDEPRESSIVO,2740
2018,5,1,JOVEM_ADULTO,ANTIPSICÓTICO_ESTABILIZADOR,2157
2018,5,2,ADULTO_TRABALHADOR,ANSIOLITICO,83157
2018,5,2,ADULTO_TRABALHADOR,ANTIDEPRESSIVO,88408
2018,5,2,ADULTO_TRABALHADOR,ANTIPSICÓTICO_ESTABILIZADOR,26297
2018,5,2,CRIANCA_ADOLESCENTE,ANSIOLITICO,27783
2018,5,2,CRIANCA_ADOLESCENTE,ANTIDEPRESSIVO,36347
2018,5,2,CRIANCA_ADOLESCENTE,ANTIPSICÓTICO_ESTABILIZADOR,11996
2018,5,2,IDOSO,ANSIOLITICO,40051
2018,5,2,IDOSO,ANTIDEPRESSIVO,33184
2018,5,2,IDOSO,ANTIPSICÓTICO_ESTABILIZADOR,10276
2018,5,2,JOVEM_ADULTO,ANSIOLITICO,3108
2018,5,2,JOVEM_ADULTO,ANTIDEPRESSIVO,5159
2018,5,2,JOVEM_ADULTO,ANTIPSICÓTICO_ESTABILIZADOR,1982
2018,6,1,ADULTO_TRABALHADOR,ANSIOLITICO,41276
2018,6,1,ADULTO_TRABALHADOR,ANTIDEPRESSIVO,38045
2018,6,1,ADULTO_TRABALHADOR,ANTIPSICÓTICO_ESTABILIZADOR,20217
2018,6,1,CRIANCA_ADOLESCENTE,ANSIOLITICO,30935
2018,6,1,CRIANCA_ADOLESCENTE,ANTIDEPRESSIVO,32081
2018,6,1,CRIANCA_ADOLESCENTE,ANTIPSICÓTICO_ESTABILIZADOR,17668
2018,6,1,IDOSO,ANSIOLITICO,22116
2018,6,1,IDOSO,ANTIDEPRESSIVO,17142
2018,6,1,IDOSO,ANTIPSICÓTICO_ESTABILIZADOR,8395
2018,6,1,JOVEM_ADULTO,ANSIOLITICO,2015
2018,6,1,JOVEM_ADULTO,ANTIDEPRESSIVO,2663
2018,6,1,JOVEM_ADULTO,ANTIPSICÓTICO_ESTABILIZADOR,2128
2018,6,2,ADULTO_TRABALHADOR,ANSIOLITICO,79731
2018,6,2,ADULTO_TRABALHADOR,ANTIDEPRESSIVO,86174
2018,6,2,ADULTO_TRABALHADOR,ANTIPSICÓTICO_ESTABILIZADOR,25293
2018,6,2,CRIANCA_ADOLESCENTE,ANSIOLITICO,25430
2018,6,2,CRIANCA_ADOLESCENTE,ANTIDEPRESSIVO,33446
2018,6,2,CRIANCA_ADOLESCENTE,ANTIPSICÓTICO_ESTABILIZADOR,11105
2018,6,2,IDOSO,ANSIOLITICO,38795
2018,6,2,IDOSO,ANTIDEPRESSIVO,32973
2018,6,2,IDOSO,ANTIPSICÓTICO_ESTABILIZADOR,10264
2018,6,2,JOVEM_ADULTO,ANSIOLITICO,2663
2018,6,2,JOVEM_ADULTO,ANTIDEPRESSIVO,4618
2018,6,2,JOVEM_ADULTO,ANTIPSICÓTICO_ESTABILIZADOR,1888
2018,7,1,ADULTO_TRABALHADOR,ANSIOLITICO,40591
2018,7,1,ADULTO_TRABALHADOR,ANTIDEPRESSIVO,38500
2018,7,1,ADULTO_TRABALHADOR,ANTIPSICÓTICO_ESTABILIZADOR,20141
2018,7,1,CRIANCA_ADOLESCENTE,ANSIOLITICO,32933
2018,7,1,CRIANCA_ADOLESCENTE,ANTIDEPRESSIVO,34086
2018,7,1,CRIANCA_ADOLESCENTE,ANTIPSICÓTICO_ESTABILIZADOR,17683
2018,7,1,IDOSO,ANSIOLITICO,22011
2018,7,1,IDOSO,ANTIDEPRESSIVO,16968
2018,7,1,IDOSO,ANTIPSICÓTICO_ESTABILIZADOR,8627
2018,7,1,JOVEM_ADULTO,ANSIOLITICO,2127
2018,7,1,JOVEM_ADULTO,ANTIDEPRESSIVO,2697
2018,7,1,JOVEM_ADULTO,ANTIPSICÓTICO_ESTABILIZADOR,2163
2018,7,2,ADULTO_TRABALHADOR,ANSIOLITICO,80658
2018,7,2,ADULTO_TRABALHADOR,ANTIDEPRESSIVO,876797
2018,7,2,ADULTO_TRABALHADOR,ANTIPSICÓTICO_ESTABILIZADOR,25718
2018,7,2,CRIANCA_ADOLESCENTE,ANSIOLITICO,25182
2018,7,2,CRIANCA_ADOLESCENTE,ANTIDEPRESSIVO,32976
2018,7,2,CRIANCA_ADOLESCENTE,ANTIPSICÓTICO_ESTABILIZADOR,10936
2018,7,2,IDOSO,ANSIOLITICO,38343
2018,7,2,IDOSO,ANTIDEPRESSIVO,33887
2018,7,2,IDOSO,ANTIPSICÓTICO_ESTABILIZADOR,10184
2018,7,2,JOVEM_ADULTO,ANSIOLITICO,3041
2018,7,2,JOVEM_ADULTO,ANTIDEPRESSIVO,5042
2018,7,2,JOVEM_ADULTO,ANTIPSICÓTICO_ESTABILIZADOR,1962
2018,8,1,ADULTO_TRABALHADOR,ANSIOLITICO,45013
2018,8,1,ADULTO_TRABALHADOR,ANTIDEPRESSIVO,41430
2018,8,1,ADULTO_TRABALHADOR,ANTIPSICÓTICO_ESTABILIZADOR,21633
2018,8,1,CRIANCA_ADOLESCENTE,ANSIOLITICO,32170
2018,8,1,CRIANCA_ADOLESCENTE,ANTIDEPRESSIVO,35485
2018,8,1,CRIANCA_ADOLESCENTE,ANTIPSICÓTICO_ESTABILIZADOR,19209
2018,8,1,IDOSO,ANSIOLITICO,23718
2018,8,1,IDOSO,ANTIDEPRESSIVO,18182
2018,8,1,IDOSO,ANTIPSICÓTICO_ESTABILIZADOR,9175
2018,8,1,JOVEM_ADULTO,ANSIOLITICO,2077
2018,8,1,JOVEM_ADULTO,ANTIDEPRESSIVO,2741
2018,8,1,JOVEM_ADULTO,ANTIPSICÓTICO_ESTABILIZADOR,2289
2018,8,2,ADULTO_TRABALHADOR,ANSIOLITICO,91016
2018,8,2,ADULTO_TRABALHADOR,ANTIDEPRESSIVO,91329
2018,8,2,ADULTO_TRABALHADOR,ANTIPSICÓTICO_ESTABILIZADOR,27127
2018,8,2,CRIANCA_ADOLESCENTE,ANSIOLITICO,26970
2018,8,2,CRIANCA_ADOLESCENTE,ANTIDEPRESSIVO,35341
2018,8,2,CRIANCA_ADOLESCENTE,ANTIPSICÓTICO_ESTABILIZADOR,12005
2018,8,2,IDOSO,ANSIOLITICO,41363
2018,8,2,IDOSO,ANTIDEPRESSIVO,36150
2018,8,2,IDOSO,ANTIPSICÓTICO_ESTABILIZADOR,11162
2018,8,2,JOVEM_ADULTO,ANSIOLITICO,3057
2018,8,2,JOVEM_ADULTO,ANTIDEPRESSIVO,5175
2018,8,2,JOVEM_ADULTO,ANTIPSICÓTICO_ESTABILIZADOR,2068
2018,9,1,ADULTO_TRABALHADOR,ANSIOLITICO,40416
2018,9,1,ADULTO_TRABALHADOR,ANTIDEPRESSIVO,38690
2018,9,1,ADULTO_TRABALHADOR,ANTIPSICÓTICO_ESTABILIZADOR,20624
2018,9,1,CRIANCA_ADOLESCENTE,ANSIOLITICO,26846
2018,9,1,CRIANCA_ADOLESCENTE,ANTIDEPRESSIVO,29266
2018,9,1,CRIANCA_ADOLESCENTE,ANTIPSICÓTICO_ESTABILIZADOR,16478
2018,9,1,IDOSO,ANSIOLITICO,21623
2018,9,1,IDOSO,ANTIDEPRESSIVO,17109
2018,9,1,IDOSO,ANTIPSICÓTICO_ESTABILIZADOR,8484
2018,9,1,JOVEM_ADULTO,ANSIOLITICO,1988
2018,9,1,JOVEM_ADULTO,ANTIDEPRESSIVO,2772
2018,9,1,JOVEM_ADULTO,ANTIPSICÓTICO_ESTABILIZADOR,2368
2018,9,2,ADULTO_TRABALHADOR,ANSIOLITICO,78836
2018,9,2,ADULTO_TRABALHADOR,ANTIDEPRESSIVO,86665
2018,9,2,ADULTO_TRABALHADOR,ANTIPSICÓTICO_ESTABILIZADOR,26219
2018,9,2,CRIANCA_ADOLESCENTE,ANSIOLITICO,22535
2018,9,2,CRIANCA_ADOLESCENTE,ANTIDEPRESSIVO,29853
2018,9,2,CRIANCA_ADOLESCENTE,ANTIPSICÓTICO_ESTABILIZADOR,10125
2018,9,2,IDOSO,ANSIOLITICO,37743
2018,9,2,IDOSO,ANTIDEPRESSIVO,33239
2018,9,2,IDOSO,ANTIPSICÓTICO_ESTABILIZADOR,10252
2018,9,2,JOVEM_ADULTO,ANSIOLITICO,2777
2018,9,2,JOVEM_ADULTO,ANTIDEPRESSIVO,4962
2018,9,2,JOVEM_ADULTO,ANTIPSICÓTICO_ESTABILIZADOR,1926
2018,10,1,ADULTO_TRABALHADOR,ANSIOLITICO,42641
2018,10,1,ADULTO_TRABALHADOR,ANTIDEPRESSIVO,42257
2018,10,1,ADULTO_TRABALHADOR,ANTIPSICÓTICO_ESTABILIZADOR,21585
2018,10,1,CRIANCA_ADOLESCENTE,ANSIOLITICO,23443
2018,10,1,CRIANCA_ADOLESCENTE,ANTIDEPRESSIVO,25283
2018,10,1,CRIANCA_ADOLESCENTE,ANTIPSICÓTICO_ESTABILIZADOR,15092
2018,10,1,IDOSO,ANSIOLITICO,23319
2018,10,1,IDOSO,ANTIDEPRESSIVO,18682
2018,10,1,IDOSO,ANTIPSICÓTICO_ESTABILIZADOR,9378
2018,10,1,JOVEM_ADULTO,ANSIOLITICO,2178
2018,10,1,JOVEM_ADULTO,ANTIDEPRESSIVO,3016
2018,10,1,JOVEM_ADULTO,ANTIPSICÓTICO_ESTABILIZADOR,2655
2018,10,2,ADULTO_TRABALHADOR,ANSIOLITICO,83849
2018,10,2,ADULTO_TRABALHADOR,ANTIDEPRESSIVO,92942
2018,10,2,ADULTO_TRABALHADOR,ANTIPSICÓTICO_ESTABILIZADOR,28286
2018,10,2,CRIANCA_ADOLESCENTE,ANSIOLITICO,16530
2018,10,2,CRIANCA_ADOLESCENTE,ANTIDEPRESSIVO,20059
2018,10,2,CRIANCA_ADOLESCENTE,ANTIPSICÓTICO_ESTABILIZADOR,7954
2018,10,2,IDOSO,ANSIOLITICO,41016
2018,10,2,IDOSO,ANTIDEPRESSIVO,36666
2018,10,2,IDOSO,ANTIPSICÓTICO_ESTABILIZADOR,11426
2018,10,2,JOVEM_ADULTO,ANSIOLITICO,3254
2018,10,2,JOVEM_ADULTO,ANTIDEPRESSIVO,5459
2018,10,2,JOVEM_ADULTO,ANTIPSICÓTICO_ESTABILIZADOR,2274
2018,11,1,ADULTO_TRABALHADOR,ANSIOLITICO,42188
2018,11,1,ADULTO_TRABALHADOR,ANTIDEPRESSIVO,41182
2018,11,1,ADULTO_TRABALHADOR,ANTIPSICÓTICO_ESTABILIZADOR,22386
2018,11,1,CRIANCA_ADOLESCENTE,ANSIOLITICO,19879
2018,11,1,CRIANCA_ADOLESCENTE,ANTIDEPRESSIVO,20487
2018,11,1,CRIANCA_ADOLESCENTE,ANTIPSICÓTICO_ESTABILIZADOR,13632
2018,11,1,IDOSO,ANSIOLITICO,24066
2018,11,1,IDOSO,ANTIDEPRESSIVO,19736
2018,11,1,IDOSO,ANTIPSICÓTICO_ESTABILIZADOR,9335
2018,11,1,JOVEM_ADULTO,ANSIOLITICO,2388
2018,11,1,JOVEM_ADULTO,ANTIDEPRESSIVO,3523
2018,11,1,JOVEM_ADULTO,ANTIPSICÓTICO_ESTABILIZADOR,2489
2018,11,2,ADULTO_TRABALHADOR,ANSIOLITICO,85665
2018,11,2,ADULTO_TRABALHADOR,ANTIDEPRESSIVO,94119
2018,11,2,ADULTO_TRABALHADOR,ANTIPSICÓTICO_ESTABILIZADOR,28649
2018,11,2,CRIANCA_ADOLESCENTE,ANSIOLITICO,12331
2018,11,2,CRIANCA_ADOLESCENTE,ANTIDEPRESSIVO,14349
2018,11,2,CRIANCA_ADOLESCENTE,ANTIPSICÓTICO_ESTABILIZADOR,6807
2018,11,2,IDOSO,ANSIOLITICO,41693
2018,11,2,IDOSO,ANTIDEPRESSIVO,37135
2018,11,2,IDOSO,ANTIPSICÓTICO_ESTABILIZADOR,11726
2018,11,2,JOVEM_ADULTO,ANSIOLITICO,3237
2018,11,2,JOVEM_ADULTO,ANTIDEPRESSIVO,5727
2018,11,2,JOVEM_ADULTO,ANTIPSICÓTICO_ESTABILIZADOR,2253
2018,12,1,ADULTO_TRABALHADOR,ANSIOLITICO,45616
2018,12,1,ADULTO_TRABALHADOR,ANTIDEPRESSIVO,45297
2018,12,1,ADULTO_TRABALHADOR,ANTIPSICÓTICO_ESTABILIZADOR,23831
2018,12,1,CRIANCA_ADOLESCENTE,ANSIOLITICO,19740
2018,12,1,CRIANCA_ADOLESCENTE,ANTIDEPRESSIVO,20011
2018,12,1,CRIANCA_ADOLESCENTE,ANTIPSICÓTICO_ESTABILIZADOR,13882
2018,12,1,IDOSO,ANSIOLITICO,25267
2018,12,1,IDOSO,ANTIDEPRESSIVO,20858
2018,12,1,IDOSO,ANTIPSICÓTICO_ESTABILIZADOR,10230
2018,12,1,JOVEM_ADULTO,ANSIOLITICO,2235
2018,12,1,JOVEM_ADULTO,ANTIDEPRESSIVO,3266
2018,12,1,JOVEM_ADULTO,ANTIPSICÓTICO_ESTABILIZADOR,2595
2018,12,2,ADULTO_TRABALHADOR,ANSIOLITICO,86990
2018,12,2,ADULTO_TRABALHADOR,ANTIDEPRESSIVO,99627
2018,12,2,ADULTO_TRABALHADOR,ANTIPSICÓTICO_ESTABILIZADOR,29845
2018,12,2,CRIANCA_ADOLESCENTE,ANSIOLITICO,11218
2018,12,2,CRIANCA_ADOLESCENTE,ANTIDEPRESSIVO,14313
2018,12,2,CRIANCA_ADOLESCENTE,ANTIPSICÓTICO_ESTABILIZADOR,6665
2018,12,2,IDOSO,ANSIOLITICO,44728
2018,12,2,IDOSO,ANTIDEPRESSIVO,40626
2018,12,2,IDOSO,ANTIPSICÓTICO_ESTABILIZADOR,12596
2018,12,2,JOVEM_ADULTO,ANSIOLITICO,3230
2018,12,2,JOVEM_ADULTO,ANTIDEPRESSIVO,6050
2018,12,2,JOVEM_ADULTO,ANTIPSICÓTICO_ESTABILIZADOR,2430
2019,1,1,ADULTO_TRABALHADOR,ANSIOLITICO,46091
2019,1,1,ADULTO_TRABALHADOR,ANTIDEPRESSIVO,48986
2019,1,1,ADULTO_TRABALHADOR,ANTIPSICÓTICO_ESTABILIZADOR,25012
2019,1,1,CRIANCA_ADOLESCENTE,ANSIOLITICO,19448
2019,1,1,CRIANCA_ADOLESCENTE,ANTIDEPRESSIVO,21564
2019,1,1,CRIANCA_ADOLESCENTE,ANTIPSICÓTICO_ESTABILIZADOR,13751
2019,1,1,IDOSO,ANSIOLITICO,26064
2019,1,1,IDOSO,ANTIDEPRESSIVO,22669
2019,1,1,IDOSO,ANTIPSICÓTICO_ESTABILIZADOR,10503
2019,1,1,JOVEM_ADULTO,ANSIOLITICO,2495
2019,1,1,JOVEM_ADULTO,ANTIDEPRESSIVO,3904
2019,1,1,JOVEM_ADULTO,ANTIPSICÓTICO_ESTABILIZADOR,3010
2019,1,2,ADULTO_TRABALHADOR,ANSIOLITICO,85362
2019,1,2,ADULTO_TRABALHADOR,ANTIDEPRESSIVO,101462
2019,1,2,ADULTO_TRABALHADOR,ANTIPSICÓTICO_ESTABILIZADOR,30243
2019,1,2,CRIANCA_ADOLESCENTE,ANSIOLITICO,11239
2019,1,2,CRIANCA_ADOLESCENTE,ANTIDEPRESSIVO,14397
2019,1,2,CRIANCA_ADOLESCENTE,ANTIPSICÓTICO_ESTABILIZADOR,6470
2019,1,2,IDOSO,ANSIOLITICO,45132
2019,1,2,IDOSO,ANTIDEPRESSIVO,42598
2019,1,2,IDOSO,ANTIPSICÓTICO_ESTABILIZADOR,13092
2019,1,2,JOVEM_ADULTO,ANSIOLITICO,3402
2019,1,2,JOVEM_ADULTO,ANTIDEPRESSIVO,6428
2019,1,2,JOVEM_ADULTO,ANTIPSICÓTICO_ESTABILIZADOR,2396
2019,2,1,ADULTO_TRABALHADOR,ANSIOLITICO,46248
2019,2,1,ADULTO_TRABALHADOR,ANTIDEPRESSIVO,48958
2019,2,1,ADULTO_TRABALHADOR,ANTIPSICÓTICO_ESTABILIZADOR,25305
2019,2,1,CRIANCA_ADOLESCENTE,ANSIOLITICO,18980
2019,2,1,CRIANCA_ADOLESCENTE,ANTIDEPRESSIVO,21645
2019,2,1,CRIANCA_ADOLESCENTE,ANTIPSICÓTICO_ESTABILIZADOR,14036
2019,2,1,IDOSO,ANSIOLITICO,25900
2019,2,1,IDOSO,ANTIDEPRESSIVO,22481
2019,2,1,IDOSO,ANTIPSICÓTICO_ESTABILIZADOR,10640
2019,2,1,JOVEM_ADULTO,ANSIOLITICO,2681
2019,2,1,JOVEM_ADULTO,ANTIDEPRESSIVO,4084
2019,2,1,JOVEM_ADULTO,ANTIPSICÓTICO_ESTABILIZADOR,2928
2019,2,2,ADULTO_TRABALHADOR,ANSIOLITICO,86905
2019,2,2,ADULTO_TRABALHADOR,ANTIDEPRESSIVO,119028
2019,2,2,ADULTO_TRABALHADOR,ANTIPSICÓTICO_ESTABILIZADOR,30775
2019,2,2,CRIANCA_ADOLESCENTE,ANSIOLITICO,10485
2019,2,2,CRIANCA_ADOLESCENTE,ANTIDEPRESSIVO,14028
2019,2,2,CRIANCA_ADOLESCENTE,ANTIPSICÓTICO_ESTABILIZADOR,6437
2019,2,2,IDOSO,ANSIOLITICO,45808
2019,2,2,IDOSO,ANTIDEPRESSIVO,43939
2019,2,2,IDOSO,ANTIPSICÓTICO_ESTABILIZADOR,13080
2019,2,2,JOVEM_ADULTO,ANSIOLITICO,3457
2019,2,2,JOVEM_ADULTO,ANTIDEPRESSIVO,7044
2019,2,2,JOVEM_ADULTO,ANTIPSICÓTICO_ESTABILIZADOR,2477
2019,3,1,ADULTO_TRABALHADOR,ANSIOLITICO,48524
2019,3,1,ADULTO_TRABALHADOR,ANTIDEPRESSIVO,51508
2019,3,1,ADULTO_TRABALHADOR,ANTIPSICÓTICO_ESTABILIZADOR,26502
2019,3,1,CRIANCA_ADOLESCENTE,ANSIOLITICO,19908
2019,3,1,CRIANCA_ADOLESCENTE,ANTIDEPRESSIVO,21629
2019,3,1,CRIANCA_ADOLESCENTE,ANTIPSICÓTICO_ESTABILIZADOR,14581
2019,3,1,IDOSO,ANSIOLITICO,27965
2019,3,1,IDOSO,ANTIDEPRESSIVO,23804
2019,3,1,IDOSO,ANTIPSICÓTICO_ESTABILIZADOR,11121
2019,3,1,JOVEM_ADULTO,ANSIOLITICO,2846
2019,3,1,JOVEM_ADULTO,ANTIDEPRESSIVO,4246
2019,3,1,JOVEM_ADULTO,ANTIPSICÓTICO_ESTABILIZADOR,3256
2019,3,2,ADULTO_TRABALHADOR,ANSIOLITICO,91839
2019,3,2,ADULTO_TRABALHADOR,ANTIDEPRESSIVO,111254
2019,3,2,ADULTO_TRABALHADOR,ANTIPSICÓTICO_ESTABILIZADOR,32441
2019,3,2,CRIANCA_ADOLESCENTE,ANSIOLITICO,12526
2019,3,2,CRIANCA_ADOLESCENTE,ANTIDEPRESSIVO,15766
2019,3,2,CRIANCA_ADOLESCENTE,ANTIPSICÓTICO_ESTABILIZADOR,6962
2019,3,2,IDOSO,ANSIOLITICO,47476
2019,3,2,IDOSO,ANTIDEPRESSIVO,46265
2019,3,2,IDOSO,ANTIPSICÓTICO_ESTABILIZADOR,13565
2019,3,2,JOVEM_ADULTO,ANSIOLITICO,3560
2019,3,2,JOVEM_ADULTO,ANTIDEPRESSIVO,6988
2019,3,2,JOVEM_ADULTO,ANTIPSICÓTICO_ESTABILIZADOR,2587
2019,4,1,ADULTO_TRABALHADOR,ANSIOLITICO,49317
2019,4,1,ADULTO_TRABALHADOR,ANTIDEPRESSIVO,51890
2019,4,1,ADULTO_TRABALHADOR,ANTIPSICÓTICO_ESTABILIZADOR,25980
2019,4,1,CRIANCA_ADOLESCENTE,ANSIOLITICO,19747
2019,4,1,CRIANCA_ADOLESCENTE,ANTIDEPRESSIVO,22010
2019,4,1,CRIANCA_ADOLESCENTE,ANTIPSICÓTICO_ESTABILIZADOR,14115
2019,4,1,IDOSO,ANSIOLITICO,26989
2019,4,1,IDOSO,ANTIDEPRESSIVO,22675
2019,4,1,IDOSO,ANTIPSICÓTICO_ESTABILIZADOR,10421
2019,4,1,JOVEM_ADULTO,ANSIOLITICO,2840
2019,4,1,JOVEM_ADULTO,ANTIDEPRESSIVO,4386
2019,4,1,JOVEM_ADULTO,ANTIPSICÓTICO_ESTABILIZADOR,2974
2019,4,2,ADULTO_TRABALHADOR,ANSIOLITICO,90879
2019,4,2,ADULTO_TRABALHADOR,ANTIDEPRESSIVO,108951
2019,4,2,ADULTO_TRABALHADOR,ANTIPSICÓTICO_ESTABILIZADOR,31063
2019,4,2,CRIANCA_ADOLESCENTE,ANSIOLITICO,11779
2019,4,2,CRIANCA_ADOLESCENTE,ANTIDEPRESSIVO,14837
2019,4,2,CRIANCA_ADOLESCENTE,ANTIPSICÓTICO_ESTABILIZADOR,7178
2019,4,2,IDOSO,ANSIOLITICO,47238
2019,4,2,IDOSO,ANTIDEPRESSIVO,44304
2019,4,2,IDOSO,ANTIPSICÓTICO_ESTABILIZADOR,12982
2019,4,2,JOVEM_ADULTO,ANSIOLITICO,3710
2019,4,2,JOVEM_ADULTO,ANTIDEPRESSIVO,7400
2019,4,2,JOVEM_ADULTO,ANTIPSICÓTICO_ESTABILIZADOR,2622
2019,5,1,ADULTO_TRABALHADOR,ANSIOLITICO,51286
2019,5,1,ADULTO_TRABALHADOR,ANTIDEPRESSIVO,54361
2019,5,1,ADULTO_TRABALHADOR,ANTIPSICÓTICO_ESTABILIZADOR,26873
2019,5,1,CRIANCA_ADOLESCENTE,ANSIOLITICO,21058
2019,5,1,CRIANCA_ADOLESCENTE,ANTIDEPRESSIVO,22527
2019,5,1,CRIANCA_ADOLESCENTE,ANTIPSICÓTICO_ESTABILIZADOR,15216
2019,5,1,IDOSO,ANSIOLITICO,28546
2019,5,1,IDOSO,ANTIDEPRESSIVO,23984
2019,5,1,IDOSO,ANTIPSICÓTICO_ESTABILIZADOR,11183
2019,5,1,JOVEM_ADULTO,ANSIOLITICO,2953
2019,5,1,JOVEM_ADULTO,ANTIDEPRESSIVO,4527
2019,5,1,JOVEM_ADULTO,ANTIPSICÓTICO_ESTABILIZADOR,3208
2019,5,2,ADULTO_TRABALHADOR,ANSIOLITICO,95792
2019,5,2,ADULTO_TRABALHADOR,ANTIDEPRESSIVO,114092
2019,5,2,ADULTO_TRABALHADOR,ANTIPSICÓTICO_ESTABILIZADOR,34132
2019,5,2,CRIANCA_ADOLESCENTE,ANSIOLITICO,11935
2019,5,2,CRIANCA_ADOLESCENTE,ANTIDEPRESSIVO,15426
2019,5,2,CRIANCA_ADOLESCENTE,ANTIPSICÓTICO_ESTABILIZADOR,7336
2019,5,2,IDOSO,ANSIOLITICO,49072
2019,5,2,IDOSO,ANTIDEPRESSIVO,45612
2019,5,2,IDOSO,ANTIPSICÓTICO_ESTABILIZADOR,13787
2019,5,2,JOVEM_ADULTO,ANSIOLITICO,4137
2019,5,2,JOVEM_ADULTO,ANTIDEPRESSIVO,7948
2019,5,2,JOVEM_ADULTO,ANTIPSICÓTICO_ESTABILIZADOR,2858
2019,6,1,ADULTO_TRABALHADOR,ANSIOLITICO,48328
2019,6,1,ADULTO_TRABALHADOR,ANTIDEPRESSIVO,50632
2019,6,1,ADULTO_TRABALHADOR,ANTIPSICÓTICO_ESTABILIZADOR,25765
2019,6,1,CRIANCA_ADOLESCENTE,ANSIOLITICO,19660
2019,6,1,CRIANCA_ADOLESCENTE,ANTIDEPRESSIVO,21295
2019,6,1,CRIANCA_ADOLESCENTE,ANTIPSICÓTICO_ESTABILIZADOR,14336
2019,6,1,IDOSO,ANSIOLITICO,26109
2019,6,1,IDOSO,ANTIDEPRESSIVO,22335
2019,6,1,IDOSO,ANTIPSICÓTICO_ESTABILIZADOR,10840
2019,6,1,JOVEM_ADULTO,ANSIOLITICO,2510
2019,6,1,JOVEM_ADULTO,ANTIDEPRESSIVO,4118
2019,6,1,JOVEM_ADULTO,ANTIPSICÓTICO_ESTABILIZADOR,2983
2019,6,2,ADULTO_TRABALHADOR,ANSIOLITICO,89606
2019,6,2,ADULTO_TRABALHADOR,ANTIDEPRESSIVO,105911
2019,6,2,ADULTO_TRABALHADOR,ANTIPSICÓTICO_ESTABILIZADOR,31470
2019,6,2,CRIANCA_ADOLESCENTE,ANSIOLITICO,11364
2019,6,2,CRIANCA_ADOLESCENTE,ANTIDEPRESSIVO,14524
2019,6,2,CRIANCA_ADOLESCENTE,ANTIPSICÓTICO_ESTABILIZADOR,7019
2019,6,2,IDOSO,ANSIOLITICO,45965
2019,6,2,IDOSO,ANTIDEPRESSIVO,42613
2019,6,2,IDOSO,ANTIPSICÓTICO_ESTABILIZADOR,12988
2019,6,2,JOVEM_ADULTO,ANSIOLITICO,3681
2019,6,2,JOVEM_ADULTO,ANTIDEPRESSIVO,7110
2019,6,2,JOVEM_ADULTO,ANTIPSICÓTICO_ESTABILIZADOR,2548
2019,7,1,ADULTO_TRABALHADOR,ANSIOLITICO,52713
2019,7,1,ADULTO_TRABALHADOR,ANTIDEPRESSIVO,55033
2019,7,1,ADULTO_TRABALHADOR,ANTIPSICÓTICO_ESTABILIZADOR,28248
2019,7,1,CRIANCA_ADOLESCENTE,ANSIOLITICO,21539
2019,7,1,CRIANCA_ADOLESCENTE,ANTIDEPRESSIVO,23522
2019,7,1,CRIANCA_ADOLESCENTE,ANTIPSICÓTICO_ESTABILIZADOR,15401
2019,7,1,IDOSO,ANSIOLITICO,28894
2019,7,1,IDOSO,ANTIDEPRESSIVO,24717
2019,7,1,IDOSO,ANTIPSICÓTICO_ESTABILIZADOR,12040
2019,7,1,JOVEM_ADULTO,ANSIOLITICO,3020
2019,7,1,JOVEM_ADULTO,ANTIDEPRESSIVO,4555
2019,7,1,JOVEM_ADULTO,ANTIPSICÓTICO_ESTABILIZADOR,3426
2019,7,2,ADULTO_TRABALHADOR,ANSIOLITICO,96601
2019,7,2,ADULTO_TRABALHADOR,ANTIDEPRESSIVO,115329
2019,7,2,ADULTO_TRABALHADOR,ANTIPSICÓTICO_ESTABILIZADOR,34816
2019,7,2,CRIANCA_ADOLESCENTE,ANSIOLITICO,12326
2019,7,2,CRIANCA_ADOLESCENTE,ANTIDEPRESSIVO,15498
2019,7,2,CRIANCA_ADOLESCENTE,ANTIPSICÓTICO_ESTABILIZADOR,7307
2019,7,2,IDOSO,ANSIOLITICO,50014
2019,7,2,IDOSO,ANTIDEPRESSIVO,46160
2019,7,2,IDOSO,ANTIPSICÓTICO_ESTABILIZADOR,15235
2019,7,2,JOVEM_ADULTO,ANSIOLITICO,4026
2019,7,2,JOVEM_ADULTO,ANTIDEPRESSIVO,7765
2019,7,2,JOVEM_ADULTO,ANTIPSICÓTICO_ESTABILIZADOR,2868
2019,8,1,ADULTO_TRABALHADOR,ANSIOLITICO,52313
2019,8,1,ADULTO_TRABALHADOR,ANTIDEPRESSIVO,56606
2019,8,1,ADULTO_TRABALHADOR,ANTIPSICÓTICO_ESTABILIZADOR,28097
2019,8,1,CRIANCA_ADOLESCENTE,ANSIOLITICO,20370
2019,8,1,CRIANCA_ADOLESCENTE,ANTIDEPRESSIVO,23493
2019,8,1,CRIANCA_ADOLESCENTE,ANTIPSICÓTICO_ESTABILIZADOR,15520
2019,8,1,IDOSO,ANSIOLITICO,28610
2019,8,1,IDOSO,ANTIDEPRESSIVO,25148
2019,8,1,IDOSO,ANTIPSICÓTICO_ESTABILIZADOR,11843
2019,8,1,JOVEM_ADULTO,ANSIOLITICO,3328
2019,8,1,JOVEM_ADULTO,ANTIDEPRESSIVO,5000
2019,8,1,JOVEM_ADULTO,ANTIPSICÓTICO_ESTABILIZADOR,3298
2019,8,2,ADULTO_TRABALHADOR,ANSIOLITICO,98185
2019,8,2,ADULTO_TRABALHADOR,ANTIDEPRESSIVO,120023
2019,8,2,ADULTO_TRABALHADOR,ANTIPSICÓTICO_ESTABILIZADOR,35260
2019,8,2,CRIANCA_ADOLESCENTE,ANSIOLITICO,11880
2019,8,2,CRIANCA_ADOLESCENTE,ANTIDEPRESSIVO,15914
2019,8,2,CRIANCA_ADOLESCENTE,ANTIPSICÓTICO_ESTABILIZADOR,7512
2019,8,2,IDOSO,ANSIOLITICO,49978
2019,8,2,IDOSO,ANTIDEPRESSIVO,47397
2019,8,2,IDOSO,ANTIPSICÓTICO_ESTABILIZADOR,14766
2019,8,2,JOVEM_ADULTO,ANSIOLITICO,4231
2019,8,2,JOVEM_ADULTO,ANTIDEPRESSIVO,8448
2019,8,2,JOVEM_ADULTO,ANTIPSICÓTICO_ESTABILIZADOR,2882
2019,9,1,ADULTO_TRABALHADOR,ANSIOLITICO,50893
2019,9,1,ADULTO_TRABALHADOR,ANTIDEPRESSIVO,55810
2019,9,1,ADULTO_TRABALHADOR,ANTIPSICÓTICO_ESTABILIZADOR,137963
2019,9,1,CRIANCA_ADOLESCENTE,ANSIOLITICO,18896
2019,9,1,CRIANCA_ADOLESCENTE,ANTIDEPRESSIVO,21977
2019,9,1,CRIANCA_ADOLESCENTE,ANTIPSICÓTICO_ESTABILIZADOR,14882
2019,9,1,IDOSO,ANSIOLITICO,27107
2019,9,1,IDOSO,ANTIDEPRESSIVO,24319
2019,9,1,IDOSO,ANTIPSICÓTICO_ESTABILIZADOR,11335
2019,9,1,JOVEM_ADULTO,ANSIOLITICO,2996
2019,9,1,JOVEM_ADULTO,ANTIDEPRESSIVO,4672
2019,9,1,JOVEM_ADULTO,ANTIPSICÓTICO_ESTABILIZADOR,3085
2019,9,2,ADULTO_TRABALHADOR,ANSIOLITICO,94117
2019,9,2,ADULTO_TRABALHADOR,ANTIDEPRESSIVO,116097
2019,9,2,ADULTO_TRABALHADOR,ANTIPSICÓTICO_ESTABILIZADOR,33487
2019,9,2,CRIANCA_ADOLESCENTE,ANSIOLITICO,11513
2019,9,2,CRIANCA_ADOLESCENTE,ANTIDEPRESSIVO,15932
2019,9,2,CRIANCA_ADOLESCENTE,ANTIPSICÓTICO_ESTABILIZADOR,7125
2019,9,2,IDOSO,ANSIOLITICO,49078
2019,9,2,IDOSO,ANTIDEPRESSIVO,46241
2019,9,2,IDOSO,ANTIPSICÓTICO_ESTABILIZADOR,14495
2019,9,2,JOVEM_ADULTO,ANSIOLITICO,4372
2019,9,2,JOVEM_ADULTO,ANTIDEPRESSIVO,8135
2019,9,2,JOVEM_ADULTO,ANTIPSICÓTICO_ESTABILIZADOR,3024
2019,10,1,ADULTO_TRABALHADOR,ANSIOLITICO,53680
2019,10,1,ADULTO_TRABALHADOR,ANTIDEPRESSIVO,59682
2019,10,1,ADULTO_TRABALHADOR,ANTIPSICÓTICO_ESTABILIZADOR,28065
2019,10,1,CRIANCA_ADOLESCENTE,ANSIOLITICO,17977
2019,10,1,CRIANCA_ADOLESCENTE,ANTIDEPRESSIVO,22114
2019,10,1,CRIANCA_ADOLESCENTE,ANTIPSICÓTICO_ESTABILIZADOR,14500
2019,10,1,IDOSO,ANSIOLITICO,28722
2019,10,1,IDOSO,ANTIDEPRESSIVO,25594
2019,10,1,IDOSO,ANTIPSICÓTICO_ESTABILIZADOR,12072
2019,10,1,JOVEM_ADULTO,ANSIOLITICO,3173
2019,10,1,JOVEM_ADULTO,ANTIDEPRESSIVO,4872
2019,10,1,JOVEM_ADULTO,ANTIPSICÓTICO_ESTABILIZADOR,3416
2019,10,2,ADULTO_TRABALHADOR,ANSIOLITICO,99156
2019,10,2,ADULTO_TRABALHADOR,ANTIDEPRESSIVO,124206
2019,10,2,ADULTO_TRABALHADOR,ANTIPSICÓTICO_ESTABILIZADOR,35216
2019,10,2,CRIANCA_ADOLESCENTE,ANSIOLITICO,11969
2019,10,2,CRIANCA_ADOLESCENTE,ANTIDEPRESSIVO,16155
2019,10,2,CRIANCA_ADOLESCENTE,ANTIPSICÓTICO_ESTABILIZADOR,7344
2019,10,2,IDOSO,ANSIOLITICO,48783
2019,10,2,IDOSO,ANTIDEPRESSIVO,48695
2019,10,2,IDOSO,ANTIPSICÓTICO_ESTABILIZADOR,15551
2019,10,2,JOVEM_ADULTO,ANSIOLITICO,4710
2019,10,2,JOVEM_ADULTO,ANTIDEPRESSIVO,8833
2019,10,2,JOVEM_ADULTO,ANTIPSICÓTICO_ESTABILIZADOR,3207
2019,11,1,ADULTO_TRABALHADOR,ANSIOLITICO,49808
2019,11,1,ADULTO_TRABALHADOR,ANTIDEPRESSIVO,56556
2019,11,1,ADULTO_TRABALHADOR,ANTIPSICÓTICO_ESTABILIZADOR,27173
2019,11,1,CRIANCA_ADOLESCENTE,ANSIOLITICO,17763
2019,11,1,CRIANCA_ADOLESCENTE,ANTIDEPRESSIVO,19636
2019,11,1,CRIANCA_ADOLESCENTE,ANTIPSICÓTICO_ESTABILIZADOR,13443
2019,11,1,IDOSO,ANSIOLITICO,26844
2019,11,1,IDOSO,ANTIDEPRESSIVO,25386
2019,11,1,IDOSO,ANTIPSICÓTICO_ESTABILIZADOR,11882
2019,11,1,JOVEM_ADULTO,ANSIOLITICO,2953
2019,11,1,JOVEM_ADULTO,ANTIDEPRESSIVO,4827
2019,11,1,JOVEM_ADULTO,ANTIPSICÓTICO_ESTABILIZADOR,3313
2019,11,2,ADULTO_TRABALHADOR,ANSIOLITICO,92057
2019,11,2,ADULTO_TRABALHADOR,ANTIDEPRESSIVO,118791
2019,11,2,ADULTO_TRABALHADOR,ANTIPSICÓTICO_ESTABILIZADOR,34987
2019,11,2,CRIANCA_ADOLESCENTE,ANSIOLITICO,11112
2019,11,2,CRIANCA_ADOLESCENTE,ANTIDEPRESSIVO,15987
2019,11,2,CRIANCA_ADOLESCENTE,ANTIPSICÓTICO_ESTABILIZADOR,6903
2019,11,2,IDOSO,ANSIOLITICO,47030
2019,11,2,IDOSO,ANTIDEPRESSIVO,46907
2019,11,2,IDOSO,ANTIPSICÓTICO_ESTABILIZADOR,14608
2019,11,2,JOVEM_ADULTO,ANSIOLITICO,4298
2019,11,2,JOVEM_ADULTO,ANTIDEPRESSIVO,8383
2019,11,2,JOVEM_ADULTO,ANTIPSICÓTICO_ESTABILIZADOR,3082
2019,12,1,ADULTO_TRABALHADOR,ANSIOLITICO,50036
2019,12,1,ADULTO_TRABALHADOR,ANTIDEPRESSIVO,56876
2019,12,1,ADULTO_TRABALHADOR,ANTIPSICÓTICO_ESTABILIZADOR,28451
2019,12,1,CRIANCA_ADOLESCENTE,ANSIOLITICO,16599
2019,12,1,CRIANCA_ADOLESCENTE,ANTIDEPRESSIVO,19984
2019,12,1,CRIANCA_ADOLESCENTE,ANTIPSICÓTICO_ESTABILIZADOR,13904
2019,12,1,IDOSO,ANSIOLITICO,27304
2019,12,1,IDOSO,ANTIDEPRESSIVO,25523
2019,12,1,IDOSO,ANTIPSICÓTICO_ESTABILIZADOR,12311
2019,12,1,JOVEM_ADULTO,ANSIOLITICO,3001
2019,12,1,JOVEM_ADULTO,ANTIDEPRESSIVO,4910
2019,12,1,JOVEM_ADULTO,ANTIPSICÓTICO_ESTABILIZADOR,3509
2019,12,2,ADULTO_TRABALHADOR,ANSIOLITICO,93060
2019,12,2,ADULTO_TRABALHADOR,ANTIDEPRESSIVO,120260
2019,12,2,ADULTO_TRABALHADOR,ANTIPSICÓTICO_ESTABILIZADOR,35493
2019,12,2,CRIANCA_ADOLESCENTE,ANSIOLITICO,11461
2019,12,2,CRIANCA_ADOLESCENTE,ANTIDEPRESSIVO,15696
2019,12,2,CRIANCA_ADOLESCENTE,ANTIPSICÓTICO_ESTABILIZADOR,7492
2019,12,2,IDOSO,ANSIOLITICO,47227
2019,12,2,IDOSO,ANTIDEPRESSIVO,48112
2019,12,2,IDOSO,ANTIPSICÓTICO_ESTABILIZADOR,15170
2019,12,2,JOVEM_ADULTO,ANSIOLITICO,4002
2019,12,2,JOVEM_ADULTO,ANTIDEPRESSIVO,8434
2019,12,2,JOVEM_ADULTO,ANTIPSICÓTICO_ESTABILIZADOR,3232
2020,1,1,ADULTO_TRABALHADOR,ANSIOLITICO,48789
2020,1,1,ADULTO_TRABALHADOR,ANTIDEPRESSIVO,55628
2020,1,1,ADULTO_TRABALHADOR,ANTIPSICÓTICO_ESTABILIZADOR,27639
2020,1,1,CRIANCA_ADOLESCENTE,ANSIOLITICO,16218
2020,1,1,CRIANCA_ADOLESCENTE,ANTIDEPRESSIVO,18992
2020,1,1,CRIANCA_ADOLESCENTE,ANTIPSICÓTICO_ESTABILIZADOR,13414
2020,1,1,IDOSO,ANSIOLITICO,27084
2020,1,1,IDOSO,ANTIDEPRESSIVO,25311
2020,1,1,IDOSO,ANTIPSICÓTICO_ESTABILIZADOR,12139
2020,1,1,JOVEM_ADULTO,ANSIOLITICO,2873
2020,1,1,JOVEM_ADULTO,ANTIDEPRESSIVO,4633
2020,1,1,JOVEM_ADULTO,ANTIPSICÓTICO_ESTABILIZADOR,3295
2020,1,2,ADULTO_TRABALHADOR,ANSIOLITICO,88706
2020,1,2,ADULTO_TRABALHADOR,ANTIDEPRESSIVO,112863
2020,1,2,ADULTO_TRABALHADOR,ANTIPSICÓTICO_ESTABILIZADOR,34103
2020,1,2,CRIANCA_ADOLESCENTE,ANSIOLITICO,10132
2020,1,2,CRIANCA_ADOLESCENTE,ANTIDEPRESSIVO,13854
2020,1,2,CRIANCA_ADOLESCENTE,ANTIPSICÓTICO_ESTABILIZADOR,6503
2020,1,2,IDOSO,ANSIOLITICO,45765
2020,1,2,IDOSO,ANTIDEPRESSIVO,46651
2020,1,2,IDOSO,ANTIPSICÓTICO_ESTABILIZADOR,14968
2020,1,2,JOVEM_ADULTO,ANSIOLITICO,3827
2020,1,2,JOVEM_ADULTO,ANTIDEPRESSIVO,7924
2020,1,2,JOVEM_ADULTO,ANTIPSICÓTICO_ESTABILIZADOR,3088
2020,2,1,ADULTO_TRABALHADOR,ANSIOLITICO,44757
2020,2,1,ADULTO_TRABALHADOR,ANTIDEPRESSIVO,50946
2020,2,1,ADULTO_TRABALHADOR,ANTIPSICÓTICO_ESTABILIZADOR,25138
2020,2,1,CRIANCA_ADOLESCENTE,ANSIOLITICO,15384
2020,2,1,CRIANCA_ADOLESCENTE,ANTIDEPRESSIVO,17655
2020,2,1,CRIANCA_ADOLESCENTE,ANTIPSICÓTICO_ESTABILIZADOR,13094
2020,2,1,IDOSO,ANSIOLITICO,24481
2020,2,1,IDOSO,ANTIDEPRESSIVO,23009
2020,2,1,IDOSO,ANTIPSICÓTICO_ESTABILIZADOR,11011
2020,2,1,JOVEM_ADULTO,ANSIOLITICO,2459
2020,2,1,JOVEM_ADULTO,ANTIDEPRESSIVO,4226
2020,2,1,JOVEM_ADULTO,ANTIPSICÓTICO_ESTABILIZADOR,3003
2020,2,2,ADULTO_TRABALHADOR,ANSIOLITICO,81703
2020,2,2,ADULTO_TRABALHADOR,ANTIDEPRESSIVO,107406
2020,2,2,ADULTO_TRABALHADOR,ANTIPSICÓTICO_ESTABILIZADOR,32792
2020,2,2,CRIANCA_ADOLESCENTE,ANSIOLITICO,9434
2020,2,2,CRIANCA_ADOLESCENTE,ANTIDEPRESSIVO,13371
2020,2,2,CRIANCA_ADOLESCENTE,ANTIPSICÓTICO_ESTABILIZADOR,116857
2020,2,2,IDOSO,ANSIOLITICO,41942
2020,2,2,IDOSO,ANTIDEPRESSIVO,43384
2020,2,2,IDOSO,ANTIPSICÓTICO_ESTABILIZADOR,13649
2020,2,2,JOVEM_ADULTO,ANSIOLITICO,3562
2020,2,2,JOVEM_ADULTO,ANTIDEPRESSIVO,7306
2020,2,2,JOVEM_ADULTO,ANTIPSICÓTICO_ESTABILIZADOR,2837
2020,3,1,ADULTO_TRABALHADOR,ANSIOLITICO,53423
2020,3,1,ADULTO_TRABALHADOR,ANTIDEPRESSIVO,62009
2020,3,1,ADULTO_TRABALHADOR,ANTIPSICÓTICO_ESTABILIZADOR,31604
2020,3,1,CRIANCA_ADOLESCENTE,ANSIOLITICO,17612
2020,3,1,CRIANCA_ADOLESCENTE,ANTIDEPRESSIVO,20935
2020,3,1,CRIANCA_ADOLESCENTE,ANTIPSICÓTICO_ESTABILIZADOR,15052
2020,3,1,IDOSO,ANSIOLITICO,28842
2020,3,1,IDOSO,ANTIDEPRESSIVO,27303
2020,3,1,IDOSO,ANTIPSICÓTICO_ESTABILIZADOR,13530
2020,3,1,JOVEM_ADULTO,ANSIOLITICO,2980
2020,3,1,JOVEM_ADULTO,ANTIDEPRESSIVO,4886
2020,3,1,JOVEM_ADULTO,ANTIPSICÓTICO_ESTABILIZADOR,3710
2020,3,2,ADULTO_TRABALHADOR,ANSIOLITICO,97229
2020,3,2,ADULTO_TRABALHADOR,ANTIDEPRESSIVO,127517
2020,3,2,ADULTO_TRABALHADOR,ANTIPSICÓTICO_ESTABILIZADOR,39448
2020,3,2,CRIANCA_ADOLESCENTE,ANSIOLITICO,11327
2020,3,2,CRIANCA_ADOLESCENTE,ANTIDEPRESSIVO,15412
2020,3,2,CRIANCA_ADOLESCENTE,ANTIPSICÓTICO_ESTABILIZADOR,7759
2020,3,2,IDOSO,ANSIOLITICO,49007
2020,3,2,IDOSO,ANTIDEPRESSIVO,51367
2020,3,2,IDOSO,ANTIPSICÓTICO_ESTABILIZADOR,16371
2020,3,2,JOVEM_ADULTO,ANSIOLITICO,4180
2020,3,2,JOVEM_ADULTO,ANTIDEPRESSIVO,8583
2020,3,2,JOVEM_ADULTO,ANTIPSICÓTICO_ESTABILIZADOR,3276
2020,4,1,ADULTO_TRABALHADOR,ANSIOLITICO,53144
2020,4,1,ADULTO_TRABALHADOR,ANTIDEPRESSIVO,59042
2020,4,1,ADULTO_TRABALHADOR,ANTIPSICÓTICO_ESTABILIZADOR,29300
2020,4,1,CRIANCA_ADOLESCENTE,ANSIOLITICO,16381
2020,4,1,CRIANCA_ADOLESCENTE,ANTIDEPRESSIVO,19092
2020,4,1,CRIANCA_ADOLESCENTE,ANTIPSICÓTICO_ESTABILIZADOR,13517
2020,4,1,IDOSO,ANSIOLITICO,28953
2020,4,1,IDOSO,ANTIDEPRESSIVO,26508
2020,4,1,IDOSO,ANTIPSICÓTICO_ESTABILIZADOR,13241
2020,4,1,JOVEM_ADULTO,ANSIOLITICO,2958
2020,4,1,JOVEM_ADULTO,ANTIDEPRESSIVO,4426
2020,4,1,JOVEM_ADULTO,ANTIPSICÓTICO_ESTABILIZADOR,3345
2020,4,2,ADULTO_TRABALHADOR,ANSIOLITICO,97871
2020,4,2,ADULTO_TRABALHADOR,ANTIDEPRESSIVO,121777
2020,4,2,ADULTO_TRABALHADOR,ANTIPSICÓTICO_ESTABILIZADOR,36515
2020,4,2,CRIANCA_ADOLESCENTE,ANSIOLITICO,10555
2020,4,2,CRIANCA_ADOLESCENTE,ANTIDEPRESSIVO,14569
2020,4,2,CRIANCA_ADOLESCENTE,ANTIPSICÓTICO_ESTABILIZADOR,7020
2020,4,2,IDOSO,ANSIOLITICO,48888
2020,4,2,IDOSO,ANTIDEPRESSIVO,49972
2020,4,2,IDOSO,ANTIPSICÓTICO_ESTABILIZADOR,15839
2020,4,2,JOVEM_ADULTO,ANSIOLITICO,4060
2020,4,2,JOVEM_ADULTO,ANTIDEPRESSIVO,7478
2020,4,2,JOVEM_ADULTO,ANTIPSICÓTICO_ESTABILIZADOR,3093
2020,5,1,ADULTO_TRABALHADOR,ANSIOLITICO,56865
2020,5,1,ADULTO_TRABALHADOR,ANTIDEPRESSIVO,63177
2020,5,1,ADULTO_TRABALHADOR,ANTIPSICÓTICO_ESTABILIZADOR,30049
2020,5,1,CRIANCA_ADOLESCENTE,ANSIOLITICO,17836
2020,5,1,CRIANCA_ADOLESCENTE,ANTIDEPRESSIVO,20218
2020,5,1,CRIANCA_ADOLESCENTE,ANTIPSICÓTICO_ESTABILIZADOR,13936
2020,5,1,IDOSO,ANSIOLITICO,31182
2020,5,1,IDOSO,ANTIDEPRESSIVO,28195
2020,5,1,IDOSO,ANTIPSICÓTICO_ESTABILIZADOR,13850
2020,5,1,JOVEM_ADULTO,ANSIOLITICO,3287
2020,5,1,JOVEM_ADULTO,ANTIDEPRESSIVO,4911
2020,5,1,JOVEM_ADULTO,ANTIPSICÓTICO_ESTABILIZADOR,3539
2020,5,2,ADULTO_TRABALHADOR,ANSIOLITICO,104321
2020,5,2,ADULTO_TRABALHADOR,ANTIDEPRESSIVO,128610
2020,5,2,ADULTO_TRABALHADOR,ANTIPSICÓTICO_ESTABILIZADOR,37844
2020,5,2,CRIANCA_ADOLESCENTE,ANSIOLITICO,12135
2020,5,2,CRIANCA_ADOLESCENTE,ANTIDEPRESSIVO,15370
2020,5,2,CRIANCA_ADOLESCENTE,ANTIPSICÓTICO_ESTABILIZADOR,7520
2020,5,2,IDOSO,ANSIOLITICO,51880
2020,5,2,IDOSO,ANTIDEPRESSIVO,51634
2020,5,2,IDOSO,ANTIPSICÓTICO_ESTABILIZADOR,16438
2020,5,2,JOVEM_ADULTO,ANSIOLITICO,4687
2020,5,2,JOVEM_ADULTO,ANTIDEPRESSIVO,8786
2020,5,2,JOVEM_ADULTO,ANTIPSICÓTICO_ESTABILIZADOR,3541
2020,6,1,ADULTO_TRABALHADOR,ANSIOLITICO,56289
2020,6,1,ADULTO_TRABALHADOR,ANTIDEPRESSIVO,61434
2020,6,1,ADULTO_TRABALHADOR,ANTIPSICÓTICO_ESTABILIZADOR,29589
2020,6,1,CRIANCA_ADOLESCENTE,ANSIOLITICO,17074
2020,6,1,CRIANCA_ADOLESCENTE,ANTIDEPRESSIVO,19476
2020,6,1,CRIANCA_ADOLESCENTE,ANTIPSICÓTICO_ESTABILIZADOR,13397
2020,6,1,IDOSO,ANSIOLITICO,30734
2020,6,1,IDOSO,ANTIDEPRESSIVO,27036
2020,6,1,IDOSO,ANTIPSICÓTICO_ESTABILIZADOR,12840
2020,6,1,JOVEM_ADULTO,ANSIOLITICO,3384
2020,6,1,JOVEM_ADULTO,ANTIDEPRESSIVO,4894
2020,6,1,JOVEM_ADULTO,ANTIPSICÓTICO_ESTABILIZADOR,3251
2020,6,2,ADULTO_TRABALHADOR,ANSIOLITICO,102632
2020,6,2,ADULTO_TRABALHADOR,ANTIDEPRESSIVO,126450
2020,6,2,ADULTO_TRABALHADOR,ANTIPSICÓTICO_ESTABILIZADOR,37153
2020,6,2,CRIANCA_ADOLESCENTE,ANSIOLITICO,10543
2020,6,2,CRIANCA_ADOLESCENTE,ANTIDEPRESSIVO,14272
2020,6,2,CRIANCA_ADOLESCENTE,ANTIPSICÓTICO_ESTABILIZADOR,7161
2020,6,2,IDOSO,ANSIOLITICO,49812
2020,6,2,IDOSO,ANTIDEPRESSIVO,50345
2020,6,2,IDOSO,ANTIPSICÓTICO_ESTABILIZADOR,15747
2020,6,2,JOVEM_ADULTO,ANSIOLITICO,4668
2020,6,2,JOVEM_ADULTO,ANTIDEPRESSIVO,8147
2020,6,2,JOVEM_ADULTO,ANTIPSICÓTICO_ESTABILIZADOR,3206
2020,7,1,ADULTO_TRABALHADOR,ANSIOLITICO,59012
2020,7,1,ADULTO_TRABALHADOR,ANTIDEPRESSIVO,64913
2020,7,1,ADULTO_TRABALHADOR,ANTIPSICÓTICO_ESTABILIZADOR,30925
2020,7,1,CRIANCA_ADOLESCENTE,ANSIOLITICO,18247
2020,7,1,CRIANCA_ADOLESCENTE,ANTIDEPRESSIVO,19959
2020,7,1,CRIANCA_ADOLESCENTE,ANTIPSICÓTICO_ESTABILIZADOR,14066
2020,7,1,IDOSO,ANSIOLITICO,30846
2020,7,1,IDOSO,ANTIDEPRESSIVO,28983
2020,7,1,IDOSO,ANTIPSICÓTICO_ESTABILIZADOR,13613
2020,7,1,JOVEM_ADULTO,ANSIOLITICO,3474
2020,7,1,JOVEM_ADULTO,ANTIDEPRESSIVO,5340
2020,7,1,JOVEM_ADULTO,ANTIPSICÓTICO_ESTABILIZADOR,3635
2020,7,2,ADULTO_TRABALHADOR,ANSIOLITICO,106847
2020,7,2,ADULTO_TRABALHADOR,ANTIDEPRESSIVO,133669
2020,7,2,ADULTO_TRABALHADOR,ANTIPSICÓTICO_ESTABILIZADOR,38982
2020,7,2,CRIANCA_ADOLESCENTE,ANSIOLITICO,10740
2020,7,2,CRIANCA_ADOLESCENTE,ANTIDEPRESSIVO,14648
2020,7,2,CRIANCA_ADOLESCENTE,ANTIPSICÓTICO_ESTABILIZADOR,7314
2020,7,2,IDOSO,ANSIOLITICO,51958
2020,7,2,IDOSO,ANTIDEPRESSIVO,52860
2020,7,2,IDOSO,ANTIPSICÓTICO_ESTABILIZADOR,16478
2020,7,2,JOVEM_ADULTO,ANSIOLITICO,4989
2020,7,2,JOVEM_ADULTO,ANTIDEPRESSIVO,9240
2020,7,2,JOVEM_ADULTO,ANTIPSICÓTICO_ESTABILIZADOR,3693
2020,8,1,ADULTO_TRABALHADOR,ANSIOLITICO,56237
2020,8,1,ADULTO_TRABALHADOR,ANTIDEPRESSIVO,63416
2020,8,1,ADULTO_TRABALHADOR,ANTIPSICÓTICO_ESTABILIZADOR,29653
2020,8,1,CRIANCA_ADOLESCENTE,ANSIOLITICO,17423
2020,8,1,CRIANCA_ADOLESCENTE,ANTIDEPRESSIVO,20297
2020,8,1,CRIANCA_ADOLESCENTE,ANTIPSICÓTICO_ESTABILIZADOR,13970
2020,8,1,IDOSO,ANSIOLITICO,29497
2020,8,1,IDOSO,ANTIDEPRESSIVO,28941
2020,8,1,IDOSO,ANTIPSICÓTICO_ESTABILIZADOR,13439
2020,8,1,JOVEM_ADULTO,ANSIOLITICO,3433
2020,8,1,JOVEM_ADULTO,ANTIDEPRESSIVO,5245
2020,8,1,JOVEM_ADULTO,ANTIPSICÓTICO_ESTABILIZADOR,3619
2020,8,2,ADULTO_TRABALHADOR,ANSIOLITICO,103051
2020,8,2,ADULTO_TRABALHADOR,ANTIDEPRESSIVO,132133
2020,8,2,ADULTO_TRABALHADOR,ANTIPSICÓTICO_ESTABILIZADOR,38137
2020,8,2,CRIANCA_ADOLESCENTE,ANSIOLITICO,10497
2020,8,2,CRIANCA_ADOLESCENTE,ANTIDEPRESSIVO,14846
2020,8,2,CRIANCA_ADOLESCENTE,ANTIPSICÓTICO_ESTABILIZADOR,7577
2020,8,2,IDOSO,ANSIOLITICO,50161
2020,8,2,IDOSO,ANTIDEPRESSIVO,53530
2020,8,2,IDOSO,ANTIPSICÓTICO_ESTABILIZADOR,16443
2020,8,2,JOVEM_ADULTO,ANSIOLITICO,5086
2020,8,2,JOVEM_ADULTO,ANTIDEPRESSIVO,9495
2020,8,2,JOVEM_ADULTO,ANTIPSICÓTICO_ESTABILIZADOR,3688
2020,9,1,ADULTO_TRABALHADOR,ANSIOLITICO,55083
2020,9,1,ADULTO_TRABALHADOR,ANTIDEPRESSIVO,63518
2020,9,1,ADULTO_TRABALHADOR,ANTIPSICÓTICO_ESTABILIZADOR,29583
2020,9,1,CRIANCA_ADOLESCENTE,ANSIOLITICO,17436
2020,9,1,CRIANCA_ADOLESCENTE,ANTIDEPRESSIVO,19742
2020,9,1,CRIANCA_ADOLESCENTE,ANTIPSICÓTICO_ESTABILIZADOR,13670
2020,9,1,IDOSO,ANSIOLITICO,28940
2020,9,1,IDOSO,ANTIDEPRESSIVO,27549
2020,9,1,IDOSO,ANTIPSICÓTICO_ESTABILIZADOR,12447
2020,9,1,JOVEM_ADULTO,ANSIOLITICO,3274
2020,9,1,JOVEM_ADULTO,ANTIDEPRESSIVO,5155
2020,9,1,JOVEM_ADULTO,ANTIPSICÓTICO_ESTABILIZADOR,3510
2020,9,2,ADULTO_TRABALHADOR,ANSIOLITICO,100685
2020,9,2,ADULTO_TRABALHADOR,ANTIDEPRESSIVO,131493
2020,9,2,ADULTO_TRABALHADOR,ANTIPSICÓTICO_ESTABILIZADOR,38637
2020,9,2,CRIANCA_ADOLESCENTE,ANSIOLITICO,11139
2020,9,2,CRIANCA_ADOLESCENTE,ANTIDEPRESSIVO,15659
2020,9,2,CRIANCA_ADOLESCENTE,ANTIPSICÓTICO_ESTABILIZADOR,7415
2020,9,2,IDOSO,ANSIOLITICO,49238
2020,9,2,IDOSO,ANTIDEPRESSIVO,52706
2020,9,2,IDOSO,ANTIPSICÓTICO_ESTABILIZADOR,16375
2020,9,2,JOVEM_ADULTO,ANSIOLITICO,4854
2020,9,2,JOVEM_ADULTO,ANTIDEPRESSIVO,9422
2020,9,2,JOVEM_ADULTO,ANTIPSICÓTICO_ESTABILIZADOR,3319
2020,10,1,ADULTO_TRABALHADOR,ANSIOLITICO,55241
2020,10,1,ADULTO_TRABALHADOR,ANTIDEPRESSIVO,64549
2020,10,1,ADULTO_TRABALHADOR,ANTIPSICÓTICO_ESTABILIZADOR,30423
2020,10,1,CRIANCA_ADOLESCENTE,ANSIOLITICO,17111
2020,10,1,CRIANCA_ADOLESCENTE,ANTIDEPRESSIVO,19334
2020,10,1,CRIANCA_ADOLESCENTE,ANTIPSICÓTICO_ESTABILIZADOR,13210
2020,10,1,IDOSO,ANSIOLITICO,29424
2020,10,1,IDOSO,ANTIDEPRESSIVO,29052
2020,10,1,IDOSO,ANTIPSICÓTICO_ESTABILIZADOR,13171
2020,10,1,JOVEM_ADULTO,ANSIOLITICO,3084
2020,10,1,JOVEM_ADULTO,ANTIDEPRESSIVO,5243
2020,10,1,JOVEM_ADULTO,ANTIPSICÓTICO_ESTABILIZADOR,3489
2020,10,2,ADULTO_TRABALHADOR,ANSIOLITICO,100579
2020,10,2,ADULTO_TRABALHADOR,ANTIDEPRESSIVO,136597
2020,10,2,ADULTO_TRABALHADOR,ANTIPSICÓTICO_ESTABILIZADOR,39062
2020,10,2,CRIANCA_ADOLESCENTE,ANSIOLITICO,10535
2020,10,2,CRIANCA_ADOLESCENTE,ANTIDEPRESSIVO,14267
2020,10,2,CRIANCA_ADOLESCENTE,ANTIPSICÓTICO_ESTABILIZADOR,6988
2020,10,2,IDOSO,ANSIOLITICO,50180
2020,10,2,IDOSO,ANTIDEPRESSIVO,56248
2020,10,2,IDOSO,ANTIPSICÓTICO_ESTABILIZADOR,16568
2020,10,2,JOVEM_ADULTO,ANSIOLITICO,4774
2020,10,2,JOVEM_ADULTO,ANTIDEPRESSIVO,9863
2020,10,2,JOVEM_ADULTO,ANTIPSICÓTICO_ESTABILIZADOR,3702
2020,11,1,ADULTO_TRABALHADOR,ANSIOLITICO,51342
2020,11,1,ADULTO_TRABALHADOR,ANTIDEPRESSIVO,60261
2020,11,1,ADULTO_TRABALHADOR,ANTIPSICÓTICO_ESTABILIZADOR,27500
2020,11,1,CRIANCA_ADOLESCENTE,ANSIOLITICO,16028
2020,11,1,CRIANCA_ADOLESCENTE,ANTIDEPRESSIVO,17483
2020,11,1,CRIANCA_ADOLESCENTE,ANTIPSICÓTICO_ESTABILIZADOR,11858
2020,11,1,IDOSO,ANSIOLITICO,26567
2020,11,1,IDOSO,ANTIDEPRESSIVO,26238
2020,11,1,IDOSO,ANTIPSICÓTICO_ESTABILIZADOR,11844
2020,11,1,JOVEM_ADULTO,ANSIOLITICO,3084
2020,11,1,JOVEM_ADULTO,ANTIDEPRESSIVO,681331
2020,11,1,JOVEM_ADULTO,ANTIPSICÓTICO_ESTABILIZADOR,3276
2020,11,2,ADULTO_TRABALHADOR,ANSIOLITICO,94129
2020,11,2,ADULTO_TRABALHADOR,ANTIDEPRESSIVO,125552
2020,11,2,ADULTO_TRABALHADOR,ANTIPSICÓTICO_ESTABILIZADOR,37597
2020,11,2,CRIANCA_ADOLESCENTE,ANSIOLITICO,8981
2020,11,2,CRIANCA_ADOLESCENTE,ANTIDEPRESSIVO,689478
2020,11,2,CRIANCA_ADOLESCENTE,ANTIPSICÓTICO_ESTABILIZADOR,6046
2020,11,2,IDOSO,ANSIOLITICO,46025
2020,11,2,IDOSO,ANTIDEPRESSIVO,50301
2020,11,2,IDOSO,ANTIPSICÓTICO_ESTABILIZADOR,15766
2020,11,2,JOVEM_ADULTO,ANSIOLITICO,4877
2020,11,2,JOVEM_ADULTO,ANTIDEPRESSIVO,9082
2020,11,2,JOVEM_ADULTO,ANTIPSICÓTICO_ESTABILIZADOR,3542
2020,12,1,ADULTO_TRABALHADOR,ANSIOLITICO,48904
2020,12,1,ADULTO_TRABALHADOR,ANTIDEPRESSIVO,57918
2020,12,1,ADULTO_TRABALHADOR,ANTIPSICÓTICO_ESTABILIZADOR,27061
2020,12,1,CRIANCA_ADOLESCENTE,ANSIOLITICO,15989
2020,12,1,CRIANCA_ADOLESCENTE,ANTIDEPRESSIVO,17518
2020,12,1,CRIANCA_ADOLESCENTE,ANTIPSICÓTICO_ESTABILIZADOR,11540
2020,12,1,IDOSO,ANSIOLITICO,26421
2020,12,1,IDOSO,ANTIDEPRESSIVO,26301
2020,12,1,IDOSO,ANTIPSICÓTICO_ESTABILIZADOR,12082
2020,12,1,JOVEM_ADULTO,ANSIOLITICO,2792
2020,12,1,JOVEM_ADULTO,ANTIDEPRESSIVO,4459
2020,12,1,JOVEM_ADULTO,ANTIPSICÓTICO_ESTABILIZADOR,3341
2020,12,2,ADULTO_TRABALHADOR,ANSIOLITICO,93300
2020,12,2,ADULTO_TRABALHADOR,ANTIDEPRESSIVO,125553
2020,12,2,ADULTO_TRABALHADOR,ANTIPSICÓTICO_ESTABILIZADOR,37409
2020,12,2,CRIANCA_ADOLESCENTE,ANSIOLITICO,9224
2020,12,2,CRIANCA_ADOLESCENTE,ANTIDEPRESSIVO,12798
2020,12,2,CRIANCA_ADOLESCENTE,ANTIPSICÓTICO_ESTABILIZADOR,6288
2020,12,2,IDOSO,ANSIOLITICO,45415
2020,12,2,IDOSO,ANTIDEPRESSIVO,50225
2020,12,2,IDOSO,ANTIPSICÓTICO_ESTABILIZADOR,14971
2020,12,2,JOVEM_ADULTO,ANSIOLITICO,4213
2020,12,2,JOVEM_ADULTO,ANTIDEPRESSIVO,8304
2020,12,2,JOVEM_ADULTO,ANTIPSICÓTICO_ESTABILIZADOR,3159